/* Auto-generated by tools/wav_to_ym4.py */
#ifndef AUDIO_SAMPLE_H_
#define AUDIO_SAMPLE_H_

#include <stdint.h>

#define AUDIO_SAMPLE_RATE_HZ 5585u

/* One byte per sample: unsigned 8-bit mono PCM (silence =
 * 0x80), verbatim. This is the format audio_play_loop()
 * wants -- the RP cooks it per VBL into signed PCM for STE
 * DMA sound or Ghostbusters (vA, vB) pairs for the YM. */
static const uint8_t audio_sample_data[] = {
    0x7E, 0x7A, 0x7E, 0x8A, 0x82, 0x8A, 0x7A, 0x76, 0x82, 0x7E, 0x86, 0x76, 0x8E, 0x76, 0x82, 0x7A,
    0x76, 0x86, 0x7E, 0x86, 0x7A, 0x7E, 0x7E, 0x7A, 0x82, 0x86, 0x82, 0x82, 0x82, 0x8A, 0x72, 0x82,
    0x7E, 0x7A, 0x82, 0x82, 0x76, 0x82, 0x72, 0x86, 0x82, 0x76, 0x7E, 0x72, 0x8A, 0x7A, 0x76, 0x8E,
    0x86, 0x7A, 0x7E, 0x7E, 0x7E, 0x82, 0x82, 0x7A, 0x82, 0x76, 0x7E, 0x8A, 0x76, 0x8A, 0x82, 0x7E,
    0x82, 0x7E, 0x7A, 0x82, 0x7E, 0x7A, 0x86, 0x7E, 0x7E, 0x7A, 0x7E, 0x7A, 0x82, 0x7E, 0x82, 0x82,
    0x72, 0x86, 0x7E, 0x82, 0x82, 0x72, 0x82, 0x82, 0x6E, 0x8E, 0x8A, 0x82, 0x8E, 0x86, 0x7E, 0x7E,
    0x76, 0x7A, 0x82, 0x7A, 0x7A, 0x86, 0x7A, 0x86, 0x7E, 0x7E, 0x86, 0x7A, 0x82, 0x76, 0x7E, 0x82,
    0x7A, 0x8E, 0x7A, 0x86, 0x7E, 0x8A, 0x7E, 0x76, 0x86, 0x6A, 0x9E, 0x82, 0x7E, 0x76, 0x82, 0x7A,
    0x7E, 0x86, 0x72, 0x7A, 0x82, 0x76, 0x8E, 0x76, 0x8E, 0x8A, 0x7A, 0x86, 0x82, 0x86, 0x7A, 0x8A,
    0x66, 0x6E, 0x8E, 0x6E, 0x76, 0x8A, 0x7E, 0x76, 0x92, 0x82, 0x7E, 0x86, 0x86, 0x7A, 0x82, 0x7A,
    0x86, 0x7A, 0x7E, 0x86, 0x6E, 0x6E, 0x8A, 0x86, 0x86, 0x72, 0x6A, 0x7E, 0x8A, 0x7E, 0x82, 0x82,
    0x72, 0x8E, 0x8A, 0x8A, 0x7E, 0x8A, 0x7E, 0x86, 0x7E, 0x86, 0x6A, 0x82, 0x72, 0x92, 0x7A, 0x7E,
    0x76, 0x7E, 0x86, 0x6E, 0x7E, 0x76, 0x76, 0x8A, 0x82, 0x8E, 0x7A, 0x7A, 0x86, 0x82, 0x86, 0x82,
    0x76, 0x7E, 0x7A, 0x96, 0x7A, 0x7E, 0x7E, 0x86, 0x86, 0x7A, 0x7A, 0x72, 0x7E, 0x82, 0x82, 0x7E,
    0x82, 0x96, 0x96, 0x82, 0x72, 0x7A, 0x82, 0x72, 0x9E, 0x9E, 0x92, 0xBA, 0x82, 0x76, 0x62, 0x62,
    0x7A, 0x5E, 0x7E, 0x72, 0x96, 0x8A, 0x86, 0x76, 0x86, 0x62, 0x7E, 0x92, 0xA6, 0xAE, 0xAE, 0x92,
    0x8A, 0x76, 0x52, 0x1E, 0x32, 0x32, 0x46, 0x96, 0x4A, 0x52, 0x6A, 0xE2, 0x96, 0x4E, 0xF2, 0x52,
    0xB6, 0x3E, 0x9E, 0x66, 0xC2, 0x82, 0xC2, 0x76, 0x3A, 0x46, 0xC2, 0x6A, 0xCA, 0x9E, 0x7E, 0x5E,
    0x3E, 0x36, 0x3E, 0x5A, 0x5A, 0x86, 0xCA, 0xC2, 0xBA, 0x56, 0x5E, 0x86, 0x8A, 0x8A, 0xAE, 0xDA,
    0xC2, 0x72, 0x3E, 0x2E, 0x66, 0x52, 0x96, 0x7E, 0x96, 0x52, 0x5E, 0x52, 0x62, 0x5A, 0x6A, 0x7E,
    0x7E, 0xAE, 0xC2, 0xDE, 0x9E, 0xAA, 0x62, 0x4E, 0xB2, 0x86, 0xDA, 0x66, 0xDA, 0x82, 0x92, 0x52,
    0x3A, 0x52, 0x42, 0x96, 0x9E, 0xBE, 0x76, 0xD6, 0xF2, 0xB6, 0x96, 0xDE, 0x66, 0x96, 0x72, 0x9E,
    0x72, 0x9E, 0x8A, 0x7E, 0x6A, 0x2, 0x6, 0x56, 0x32, 0xD6, 0xAE, 0x96, 0xC2, 0x72, 0x9E, 0x66,
    0x7A, 0x56, 0x86, 0x8A, 0x72, 0x6A, 0x1E, 0x22, 0x32, 0x3E, 0x4A, 0x5A, 0x72, 0x5E, 0x5E, 0x62,
    0x66, 0x6A, 0x6E, 0x7E, 0x72, 0x7E, 0x76, 0x76, 0x76, 0x9E, 0x92, 0x8A, 0xE6, 0xF2, 0xF2, 0xFE,
    0xFE, 0xE6, 0xCA, 0xAE, 0x82, 0xB6, 0x8A, 0x9E, 0x66, 0x86, 0x6E, 0x5E, 0x4E, 0x22, 0x4E, 0x36,
    0x92, 0x2E, 0x72, 0x32, 0x8E, 0x5E, 0x7A, 0x42, 0x36, 0x4E, 0x4E, 0x56, 0x5A, 0x5E, 0x62, 0x6A,
    0x6A, 0x6E, 0x72, 0x72, 0x76, 0x76, 0x7A, 0x7A, 0x8A, 0x7A, 0x8E, 0x7E, 0x9E, 0x76, 0xAE, 0x8A,
    0x82, 0x92, 0xAA, 0x9E, 0xA6, 0xAA, 0xBA, 0x92, 0xDE, 0x96, 0xBE, 0x9E, 0xB6, 0xBA, 0x7E, 0xAE,
    0x9E, 0xBE, 0x8A, 0x96, 0x9E, 0x86, 0x56, 0x5E, 0x96, 0x8A, 0xBA, 0x7E, 0x82, 0xB2, 0x76, 0x8A,
    0x82, 0x76, 0x9E, 0x7E, 0x6E, 0x82, 0x82, 0x6A, 0x6E, 0x62, 0x5A, 0x5A, 0x72, 0x52, 0x66, 0x4E,
    0x4A, 0x5A, 0x4E, 0x4E, 0x42, 0x5E, 0x5E, 0x6A, 0x5E, 0x62, 0x4E, 0x5A, 0x62, 0x52, 0x5E, 0x5E,
    0x62, 0x66, 0x6A, 0x6E, 0x6E, 0x72, 0x76, 0x76, 0x76, 0x7A, 0x7A, 0x7A, 0x7A, 0x7E, 0x7E, 0x7E,
    0x7E, 0x7E, 0x7E, 0x7E, 0x86, 0x8A, 0x92, 0x92, 0x9E, 0x8A, 0x92, 0xA6, 0xA6, 0x9E, 0xBA, 0x9E,
    0xB2, 0xA6, 0xB2, 0x9E, 0xBA, 0x9E, 0xA6, 0xBE, 0xA6, 0xAA, 0xAE, 0x86, 0xAA, 0x86, 0xA6, 0x86,
    0x96, 0x9E, 0x8A, 0x8A, 0x86, 0x7A, 0x76, 0x6E, 0x6E, 0x8A, 0x76, 0x72, 0x86, 0x9E, 0x82, 0xA6,
    0x8E, 0x8E, 0x82, 0x72, 0x66, 0x5E, 0x66, 0x4E, 0x6A, 0x66, 0x72, 0x6E, 0x56, 0x66, 0x6A, 0x66,
    0x62, 0x66, 0x66, 0x6A, 0x6A, 0x5A, 0x6A, 0x62, 0x4E, 0x5E, 0x5E, 0x62, 0x66, 0x5A, 0x4E, 0x56,
    0x52, 0x5A, 0x5E, 0x66, 0x66, 0x6A, 0x76, 0x6E, 0x72, 0x76, 0x76, 0x76, 0x7A, 0x7A, 0x7A, 0x7A,
    0x7E, 0x7E, 0x7E, 0x7E, 0x7E, 0x7E, 0x7E, 0x82, 0x82, 0x86, 0x8E, 0x96, 0x9E, 0x92, 0xAE, 0x92,
    0x96, 0x86, 0xA6, 0x8E, 0x8E, 0x9E, 0x86, 0x96, 0xAA, 0x9E, 0xAA, 0x96, 0x92, 0xA6, 0x96, 0xAA,
    0x9E, 0x8E, 0x96, 0x96, 0x86, 0x82, 0x8E, 0x92, 0x9E, 0x96, 0x96, 0x92, 0x96, 0x9E, 0xAE, 0xA6,
    0xAE, 0x82, 0x86, 0x8E, 0x92, 0x82, 0x96, 0x7A, 0x82, 0x82, 0x92, 0x6E, 0x6A, 0x82, 0x82, 0x5E,
    0x6A, 0x72, 0x76, 0x72, 0x6A, 0x5E, 0x42, 0x5A, 0x76, 0x7E, 0x86, 0x8A, 0x72, 0x7A, 0x7E, 0x6A,
    0x72, 0x7E, 0x72, 0x7E, 0x7E, 0x72, 0x66, 0x66, 0x5E, 0x6A, 0x76, 0x82, 0x86, 0x82, 0x6E, 0x82,
    0x6A, 0x6A, 0x72, 0x7E, 0x6A, 0x8E, 0x7E, 0x7A, 0x76, 0x7E, 0x62, 0x86, 0x6E, 0x72, 0x6A, 0x6E,
    0x5A, 0x56, 0x62, 0x7A, 0x6A, 0x5E, 0x86, 0x62, 0x72, 0x6A, 0x6A, 0x6E, 0x6E, 0x86, 0x72, 0x76,
    0x7E, 0x86, 0x76, 0x8A, 0x7E, 0x76, 0x8A, 0x7A, 0x8E, 0x8E, 0x7E, 0x7E, 0x82, 0x82, 0x92, 0x86,
    0x7E, 0x9E, 0x9E, 0x96, 0x8E, 0x6E, 0x82, 0x96, 0x8A, 0xAE, 0x9E, 0x9E, 0x92, 0x9E, 0xA6, 0x96,
    0x8A, 0xBA, 0x96, 0x96, 0xAE, 0x86, 0x8A, 0x8E, 0xA6, 0xBA, 0x86, 0x6E, 0x8E, 0x86, 0xA6, 0xB2,
    0x66, 0x72, 0x86, 0x96, 0x8E, 0x8A, 0x82, 0x96, 0xAA, 0xA6, 0xA6, 0x7E, 0x62, 0x8A, 0x82, 0x7E,
    0x8E, 0x4A, 0x82, 0x9E, 0x7E, 0x82, 0x62, 0x46, 0x76, 0x86, 0x82, 0x66, 0x4E, 0x72, 0x76, 0x56,
    0x92, 0x4A, 0x52, 0x6A, 0x82, 0x96, 0x72, 0x56, 0x66, 0x72, 0x7A, 0x8A, 0x82, 0x62, 0x6A, 0x6E,
    0x6A, 0x6A, 0x52, 0x5A, 0x72, 0x6E, 0x76, 0x6A, 0x72, 0x62, 0x56, 0x76, 0x76, 0x5E, 0x62, 0x6A,
    0x76, 0x7A, 0x76, 0x6A, 0x6E, 0x72, 0x76, 0x82, 0x76, 0x76, 0x7A, 0x7A, 0x7A, 0x7A, 0x7A, 0x7E,
    0x7E, 0x8A, 0x7E, 0x7A, 0x7A, 0x7E, 0x82, 0x8E, 0x8A, 0x92, 0x82, 0x8E, 0xB2, 0x96, 0x86, 0x96,
    0xA6, 0x96, 0xAA, 0xA6, 0x92, 0x9E, 0x9E, 0xCA, 0xC2, 0x96, 0x76, 0x9E, 0x9E, 0x9E, 0x8A, 0x92,
    0x9E, 0x92, 0xC2, 0x96, 0x7E, 0x96, 0x7A, 0x7E, 0xB2, 0xAA, 0x96, 0x82, 0x86, 0xAE, 0x8E, 0x62,
    0x7E, 0x8A, 0x7A, 0x8E, 0x8E, 0x8A, 0x7E, 0x5A, 0x82, 0x96, 0x5A, 0x86, 0x76, 0x6E, 0x96, 0x7A,
    0x72, 0x66, 0x66, 0x86, 0x8E, 0x66, 0x62, 0x52, 0x66, 0x6A, 0x76, 0x5A, 0x6E, 0x5E, 0x6E, 0x6E,
    0x5E, 0x5E, 0x46, 0x36, 0x76, 0x6A, 0x4E, 0x52, 0x52, 0x5A, 0x82, 0x52, 0x56, 0x6A, 0x66, 0x6E,
    0x8A, 0x66, 0x6A, 0x76, 0x6E, 0x8A, 0x7E, 0x82, 0x72, 0x72, 0x8A, 0x72, 0x72, 0x72, 0x7A, 0x76,
    0x86, 0x7A, 0x76, 0x7A, 0x7A, 0x92, 0x8E, 0x76, 0x8E, 0x82, 0x7E, 0x96, 0x8A, 0x86, 0x7A, 0x8E,
    0xAA, 0x9E, 0x96, 0x82, 0x96, 0x92, 0xC2, 0xA6, 0xAE, 0x92, 0x9E, 0xBA, 0xAA, 0x82, 0x9E, 0xA6,
    0x7E, 0x96, 0xB2, 0x7E, 0x96, 0x72, 0x7E, 0x9E, 0x8A, 0x92, 0x8A, 0x6A, 0x96, 0x8A, 0x92, 0x7A,
    0x7A, 0xA6, 0x96, 0x9E, 0x66, 0x7E, 0x8A, 0x6E, 0x8E, 0x6E, 0x6E, 0x6E, 0x72, 0xAA, 0x76, 0x56,
    0x56, 0x86, 0x4E, 0xA6, 0x96, 0x6E, 0x86, 0x8E, 0x8E, 0x8E, 0x4E, 0x76, 0x6E, 0x96, 0xA6, 0x82,
    0x72, 0x62, 0x7E, 0x9E, 0x92, 0x72, 0x8A, 0x52, 0x7A, 0x8A, 0x6A, 0x6A, 0x5E, 0x7E, 0x8E, 0x86,
    0x52, 0x5A, 0x6A, 0x82, 0x7A, 0x5A, 0x4A, 0x3A, 0x6E, 0x7A, 0x82, 0x66, 0x5E, 0x4E, 0x62, 0x66,
    0x66, 0x5A, 0x5A, 0x72, 0x72, 0x96, 0x56, 0x7E, 0x5E, 0x72, 0x76, 0x7A, 0x6A, 0x5E, 0x86, 0x7E,
    0x8E, 0x7E, 0x66, 0x76, 0x76, 0x8E, 0x6E, 0x7E, 0x6E, 0x92, 0x92, 0x9E, 0x82, 0x8E, 0x72, 0x86,
    0x9E, 0x9E, 0x82, 0x5E, 0x62, 0x7E, 0x92, 0x76, 0x7E, 0x82, 0x96, 0xB2, 0x96, 0x96, 0x86, 0x8E,
    0xAE, 0x92, 0x7E, 0x86, 0x96, 0x96, 0xA6, 0x9E, 0x8E, 0x6E, 0x72, 0xAA, 0x96, 0x96, 0x7E, 0x86,
    0x7E, 0x8E, 0x96, 0x96, 0x7E, 0xA6, 0x9E, 0x8E, 0xB2, 0x7A, 0x66, 0x66, 0xAE, 0x9E, 0x72, 0x6A,
    0x7E, 0x82, 0x96, 0x96, 0x82, 0x7A, 0x92, 0x9E, 0xCA, 0xA6, 0x82, 0x7E, 0x8A, 0x9E, 0x86, 0x7A,
    0x72, 0x6E, 0x8A, 0x86, 0x5E, 0x72, 0x6A, 0x6A, 0x72, 0x7A, 0x72, 0x52, 0x52, 0x6E, 0x8A, 0x62,
    0x66, 0x6E, 0x5E, 0x56, 0x76, 0x5E, 0x4E, 0x4A, 0x76, 0x82, 0x4A, 0x66, 0x56, 0x62, 0x8A, 0x96,
    0x82, 0x56, 0x6A, 0x8A, 0x8A, 0x7A, 0x6E, 0x5E, 0x72, 0x7E, 0x86, 0x7E, 0x76, 0x7E, 0x8E, 0x96,
    0x7E, 0x7A, 0x7E, 0x7A, 0x82, 0x8E, 0x8A, 0x6E, 0x6E, 0x86, 0x96, 0xB6, 0x7E, 0x7A, 0x8A, 0x86,
    0x8E, 0x9E, 0x76, 0x7E, 0x8A, 0x82, 0xA6, 0x76, 0x86, 0x86, 0x7E, 0xAA, 0xAA, 0x92, 0x7E, 0x86,
    0x8A, 0x92, 0x82, 0x82, 0x86, 0x96, 0xA6, 0x6E, 0x6E, 0x6E, 0x76, 0x7E, 0x92, 0x6E, 0x7A, 0x7A,
    0x76, 0x72, 0x6A, 0x8E, 0x6A, 0x76, 0xAE, 0x92, 0x6A, 0x72, 0x76, 0x72, 0x7E, 0x86, 0x82, 0x4A,
    0x7E, 0x7E, 0x86, 0x72, 0x76, 0x8A, 0x72, 0xAE, 0x96, 0x6A, 0x62, 0x6A, 0x96, 0x9E, 0x96, 0x7E,
    0x86, 0x86, 0x96, 0x86, 0x8A, 0x6A, 0x96, 0xB6, 0x9E, 0x96, 0x96, 0x92, 0x92, 0x7E, 0x72, 0x82,
    0x76, 0x52, 0x96, 0x86, 0x82, 0x7E, 0x86, 0x6E, 0x7E, 0x7A, 0x76, 0x5A, 0x4A, 0x6A, 0x7A, 0x72,
    0x6A, 0x6E, 0x66, 0x7A, 0x92, 0x52, 0x66, 0x56, 0x6E, 0x86, 0x7E, 0x82, 0x72, 0x5A, 0x8A, 0x62,
    0x4A, 0x7E, 0x5E, 0x76, 0x96, 0x7E, 0x72, 0x7E, 0x6A, 0x7E, 0x96, 0x5E, 0x6A, 0x5E, 0x5A, 0x66,
    0x72, 0x76, 0x66, 0x7A, 0x86, 0x6A, 0x6E, 0x72, 0x76, 0x76, 0x96, 0x8E, 0x7A, 0x82, 0x7A, 0x82,
    0xA6, 0x76, 0x9E, 0x8E, 0xA6, 0xAA, 0x9E, 0xAA, 0xB2, 0x86, 0x9E, 0x96, 0x76, 0x8E, 0x86, 0x92,
    0xCA, 0x9E, 0x92, 0x96, 0x7E, 0x92, 0x8E, 0x6E, 0x96, 0x62, 0x7E, 0xA6, 0x76, 0x9E, 0x96, 0x96,
    0x8E, 0xAA, 0xAA, 0x9E, 0x86, 0x76, 0xBA, 0x96, 0xAE, 0xAE, 0x6A, 0x8E, 0x9E, 0x8E, 0x7E, 0x76,
    0x6A, 0x9E, 0x86, 0x8A, 0x7E, 0x7A, 0x7A, 0x5E, 0x6A, 0x6A, 0x66, 0x6A, 0x7E, 0x72, 0x52, 0x5A,
    0x56, 0x72, 0x72, 0x6E, 0x56, 0x56, 0x4E, 0x62, 0x62, 0x5E, 0x6E, 0x5A, 0x7E, 0x4A, 0x5E, 0x76,
    0x56, 0x66, 0x7A, 0x92, 0x9E, 0x82, 0x76, 0x7E, 0x8E, 0x82, 0x6A, 0x66, 0x82, 0x8A, 0x96, 0x7E,
    0x7E, 0x92, 0x86, 0x72, 0x96, 0x8E, 0x7A, 0x7E, 0xBE, 0x96, 0x8A, 0x7E, 0x6E, 0x66, 0x8E, 0x82,
    0x52, 0x7E, 0x7E, 0x7E, 0x8A, 0x92, 0x92, 0x76, 0x72, 0x6A, 0x6E, 0x6A, 0xA6, 0x76, 0x92, 0xA6,
    0x72, 0x7A, 0x7E, 0x6E, 0x6E, 0x96, 0x6E, 0x7E, 0x8E, 0x8E, 0x8E, 0x86, 0x72, 0x8E, 0x92, 0x6E,
    0x8E, 0x72, 0x9E, 0x7E, 0x96, 0x9E, 0x8E, 0x7E, 0x76, 0x76, 0x66, 0x8E, 0x76, 0x76, 0x6A, 0x8A,
    0x92, 0x82, 0x8E, 0x7E, 0x72, 0x72, 0x86, 0x72, 0x7E, 0x96, 0xA6, 0xAE, 0x8A, 0x96, 0x7E, 0x72,
    0x86, 0x9E, 0x8A, 0xAE, 0x8A, 0x86, 0x92, 0x7E, 0x8A, 0x72, 0x82, 0x76, 0x9E, 0x7E, 0x76, 0x86,
    0x8E, 0x86, 0x96, 0x82, 0x5A, 0x7E, 0x86, 0x96, 0x8E, 0x96, 0x7E, 0x8A, 0x6E, 0x86, 0xA6, 0x7A,
    0x86, 0x9E, 0x86, 0x86, 0x6A, 0x86, 0x96, 0x92, 0x96, 0x96, 0x7E, 0x5A, 0x82, 0x7E, 0x6A, 0x82,
    0x6E, 0x66, 0x72, 0x76, 0x76, 0x6A, 0x7E, 0x6A, 0x6A, 0x66, 0x5A, 0x5A, 0x6A, 0x6E, 0x6A, 0x56,
    0x5A, 0x3A, 0x56, 0x76, 0x5A, 0x62, 0x5A, 0x4E, 0x5A, 0x6A, 0x76, 0x76, 0x66, 0x66, 0x72, 0x6E,
    0x6E, 0x72, 0x76, 0x76, 0x8E, 0x76, 0x76, 0x7A, 0x7A, 0x8A, 0x7A, 0x7A, 0x7E, 0x7A, 0x7A, 0x7E,
    0x7E, 0x96, 0x8A, 0x8E, 0x8E, 0x8A, 0x96, 0x82, 0x92, 0xAA, 0x9E, 0x86, 0x96, 0x92, 0x86, 0x96,
    0xAA, 0xA6, 0x8E, 0x9E, 0xA6, 0x9E, 0x9E, 0xAA, 0x9E, 0x86, 0x96, 0x8E, 0xA6, 0x7A, 0x9E, 0xB6,
    0x9E, 0x8E, 0x92, 0x82, 0x82, 0x8E, 0xAA, 0xB2, 0x96, 0x6E, 0x92, 0x86, 0x7E, 0x82, 0x7A, 0x86,
    0x82, 0x8E, 0x6A, 0x72, 0x62, 0x86, 0x7A, 0x5E, 0x7E, 0x46, 0x5E, 0x6E, 0x76, 0x76, 0x72, 0x5E,
    0x4E, 0x5E, 0x72, 0x42, 0x62, 0x7A, 0x6E, 0x52, 0x6E, 0x72, 0x4E, 0x66, 0x86, 0x7A, 0x76, 0x62,
    0x72, 0x76, 0x76, 0x86, 0x66, 0x66, 0x7A, 0x76, 0x8E, 0x72, 0x5A, 0x8E, 0x6E, 0x92, 0x76, 0x7A,
    0x7E, 0x8A, 0x8A, 0x7E, 0x9E, 0x7A, 0x72, 0x76, 0x82, 0x62, 0x86, 0x62, 0x6A, 0x7A, 0x7E, 0x76,
    0x76, 0x76, 0x8E, 0x72, 0x8A, 0x96, 0x72, 0x82, 0x7E, 0xB2, 0x8A, 0x76, 0x86, 0x7E, 0x72, 0x8A,
    0x8A, 0x8E, 0x7E, 0x7A, 0x92, 0x8A, 0x7E, 0x62, 0x82, 0x8A, 0x72, 0x82, 0x72, 0x6A, 0x96, 0x92,
    0x8E, 0x6A, 0x82, 0x82, 0x7E, 0x96, 0x96, 0x8E, 0x76, 0x7E, 0x8A, 0x6E, 0x8E, 0x8E, 0x86, 0x9E,
    0x96, 0x8A, 0x8A, 0x8E, 0x86, 0x86, 0x82, 0x96, 0x7A, 0x7A, 0xAA, 0x8E, 0x7E, 0x92, 0x8E, 0x8E,
    0x6A, 0x7A, 0x92, 0x8E, 0x72, 0x96, 0x7E, 0x8A, 0x8E, 0x7A, 0x8E, 0x7A, 0x96, 0x72, 0x82, 0x76,
    0x86, 0x8A, 0x8A, 0x96, 0x6E, 0x86, 0x7E, 0x7A, 0x9E, 0xB2, 0x9E, 0x9E, 0x86, 0x8A, 0x76, 0x8E,
    0x92, 0x7E, 0x8E, 0x7E, 0x7A, 0x76, 0x86, 0x76, 0x7A, 0x7E, 0x7E, 0x62, 0x6A, 0x72, 0x82, 0x72,
    0x6A, 0x76, 0x6E, 0x6E, 0x76, 0x6A, 0x6E, 0x5E, 0x5A, 0x62, 0x52, 0x66, 0x62, 0x62, 0x72, 0x5E,
    0x56, 0x5A, 0x4E, 0x76, 0x8E, 0x82, 0x82, 0x7A, 0x6E, 0x6E, 0x72, 0x5A, 0x6A, 0x62, 0x6A, 0x6A,
    0x6A, 0x6E, 0x72, 0x76, 0x7E, 0x82, 0x86, 0x8A, 0x8E, 0x8A, 0x8E, 0x8E, 0x8E, 0x8E, 0x8E, 0x8A,
    0x8A, 0x86, 0x82, 0x82, 0x82, 0x82, 0x82, 0x82, 0x82, 0x7E, 0x7E, 0x7E, 0x82, 0x82, 0x86, 0x8A,
    0x8A, 0x8E, 0x8E, 0x96, 0x7E, 0x7A, 0xA6, 0x9E, 0x9E, 0x96, 0x8E, 0x8E, 0x7E, 0x7E, 0x9E, 0xB2,
    0xAA, 0x9E, 0x96, 0x8A, 0x7E, 0x82, 0x9E, 0x92, 0xC2, 0xB2, 0x96, 0x96, 0x7A, 0x72, 0x7A, 0x96,
    0x96, 0xAE, 0x96, 0x96, 0x7E, 0x6A, 0x5E, 0x7A, 0x92, 0x8A, 0xAE, 0x96, 0x82, 0x6A, 0x5A, 0x56,
    0x5E, 0x7E, 0x7E, 0x82, 0x7A, 0x76, 0x72, 0x6E, 0x52, 0x62, 0x6E, 0x72, 0x7E, 0x7E, 0x7A, 0x66,
    0x4E, 0x56, 0x4E, 0x6E, 0x6E, 0x76, 0x7E, 0x6E, 0x5A, 0x62, 0x5A, 0x52, 0x66, 0x6E, 0x5E, 0x86,
    0x72, 0x6A, 0x6A, 0x62, 0x66, 0x6A, 0x6E, 0x6A, 0x7A, 0x76, 0x7A, 0x66, 0x7A, 0x66, 0x62, 0x76,
    0x6E, 0x6E, 0x72, 0x8A, 0x82, 0x7E, 0x82, 0x72, 0x7A, 0x72, 0x7E, 0x86, 0x86, 0x92, 0x8E, 0x8A,
    0x82, 0x7E, 0x7A, 0x7E, 0x8A, 0x92, 0x8E, 0x96, 0x9E, 0x8A, 0x86, 0x82, 0x7A, 0x8A, 0x8E, 0x96,
    0x92, 0x9E, 0x92, 0x8A, 0x82, 0x7A, 0x86, 0x8A, 0x96, 0x96, 0xA6, 0x92, 0x92, 0x82, 0x82, 0x7E,
    0x82, 0x92, 0x96, 0x9E, 0x92, 0x8E, 0x82, 0x7A, 0x76, 0x86, 0x8E, 0x92, 0x96, 0x92, 0x92, 0x82,
    0x7E, 0x7E, 0x7A, 0x8A, 0x86, 0x8E, 0x8A, 0x8A, 0x7A, 0x6A, 0x72, 0x72, 0x76, 0x7A, 0x86, 0x7E,
    0x82, 0x72, 0x6E, 0x72, 0x6A, 0x72, 0x6E, 0x7E, 0x72, 0x82, 0x72, 0x76, 0x6A, 0x5A, 0x6E, 0x6A,
    0x7A, 0x66, 0x7E, 0x6A, 0x76, 0x66, 0x6E, 0x76, 0x6A, 0x7A, 0x6A, 0x7E, 0x6A, 0x72, 0x7A, 0x6A,
    0x7A, 0x76, 0x76, 0x6E, 0x7A, 0x72, 0x76, 0x7E, 0x7A, 0x7A, 0x7A, 0x7E, 0x6E, 0x7A, 0x7A, 0x82,
    0x82, 0x82, 0x7E, 0x82, 0x86, 0x7E, 0x7A, 0x7A, 0x82, 0x82, 0x8A, 0x8A, 0x8A, 0x82, 0x7E, 0x7E,
    0x82, 0x86, 0x8A, 0x8A, 0x8E, 0x8A, 0x86, 0x82, 0x7E, 0x82, 0x86, 0x86, 0x8A, 0x8E, 0x8E, 0x8A,
    0x82, 0x7E, 0x82, 0x82, 0x8A, 0x8A, 0x92, 0x8A, 0x8A, 0x82, 0x82, 0x82, 0x7E, 0x8A, 0x86, 0x8E,
    0x8A, 0x86, 0x82, 0x82, 0x7E, 0x82, 0x86, 0x86, 0x8E, 0x86, 0x82, 0x7E, 0x7E, 0x7E, 0x7A, 0x86,
    0x82, 0x86, 0x82, 0x86, 0x7A, 0x7A, 0x7A, 0x7A, 0x7E, 0x7E, 0x86, 0x86, 0x82, 0x7E, 0x7A, 0x7A,
    0x7A, 0x7E, 0x7E, 0x82, 0x82, 0x7E, 0x7A, 0x7A, 0x7A, 0x76, 0x7E, 0x7E, 0x82, 0x7E, 0x7E, 0x7E,
    0x7A, 0x7A, 0x76, 0x7E, 0x7E, 0x7E, 0x7E, 0x82, 0x7A, 0x76, 0x7A, 0x7A, 0x7E, 0x7E, 0x7E, 0x7A,
    0x7A, 0x7E, 0x7A, 0x7A, 0x7A, 0x7E, 0x7A, 0x7A, 0x7E, 0x7A, 0x7A, 0x7A, 0x7E, 0x7E, 0x7E, 0x7E,
    0x7A, 0x7A, 0x7A, 0x7E, 0x7A, 0x7E, 0x7E, 0x7E, 0x7A, 0x7A, 0x7A, 0x7A, 0x7E, 0x7E, 0x7E, 0x7A,
    0x7E, 0x7A, 0x7A, 0x7E, 0x7A, 0x7E, 0x7E, 0x82, 0x82, 0x82, 0x82, 0x7E, 0x82, 0x7E, 0x7E, 0x82,
    0x86, 0x82, 0x82, 0x82, 0x86, 0x7E, 0x82, 0x82, 0x82, 0x86, 0x82, 0x86, 0x82, 0x86, 0x7E, 0x82,
    0x82, 0x82, 0x86, 0x82, 0x82, 0x82, 0x82, 0x82, 0x82, 0x82, 0x82, 0x82, 0x82, 0x82, 0x82, 0x82,
    0x86, 0x82, 0x82, 0x82, 0x82, 0x82, 0x82, 0x82, 0x82, 0x82, 0x82, 0x82, 0x7E, 0x82, 0x7E, 0x82,
    0x82, 0x82, 0x86, 0x82, 0x86, 0x82, 0x7E, 0x7E, 0x7E, 0x82, 0x82, 0x82, 0x82, 0x7E, 0x7E, 0x7E,
    0x7A, 0x7E, 0x7E, 0x82, 0x82, 0x7E, 0x82, 0x7A, 0x7A, 0x7A, 0x7A, 0x7A, 0x7E, 0x82, 0x82, 0x7E,
    0x7A, 0x76, 0x7A, 0x7A, 0x7A, 0x7E, 0x7E, 0x7E, 0x7A, 0x7A, 0x7A, 0x76, 0x7A, 0x7A, 0x82, 0x7E,
    0x7E, 0x7E, 0x7A, 0x7A, 0x7A, 0x7A, 0x7E, 0x7E, 0x7E, 0x7E, 0x7E, 0x7E, 0x7A, 0x7A, 0x7A, 0x7E,
    0x7E, 0x7E, 0x7E, 0x7E, 0x7E, 0x7A, 0x7A, 0x7A, 0x7E, 0x7E, 0x7E, 0x7E, 0x7E, 0x7A, 0x7E, 0x7A,
    0x7E, 0x7E, 0x7A, 0x7E, 0x7E, 0x7E, 0x7E, 0x7E, 0x7E, 0x7E, 0x7E, 0x7E, 0x7E, 0x7E, 0x7E, 0x7E,
    0x7E, 0x82, 0x82, 0x7E, 0x7E, 0x7E, 0x7E, 0x7E, 0x82, 0x82, 0x82, 0x82, 0x7E, 0x7E, 0x7E, 0x7E,
    0x82, 0x82, 0x82, 0x86, 0x82, 0x82, 0x82, 0x82, 0x82, 0x7E, 0x86, 0x86, 0x86, 0x86, 0x86, 0x86,
    0x82, 0x82, 0x82, 0x86, 0x86, 0x86, 0x86, 0x86, 0x86, 0x82, 0x82, 0x86, 0x86, 0x86, 0x86, 0x86,
    0x86, 0x86, 0x86, 0x86, 0x86, 0x86, 0x86, 0x86, 0x86, 0x82, 0x82, 0x82, 0x82, 0x82, 0x82, 0x82,
    0x82, 0x82, 0x7E, 0x7E, 0x7E, 0x7E, 0x82, 0x7E, 0x7E, 0x7E, 0x7A, 0x7E, 0x7A, 0x7A, 0x7E, 0x7A,
    0x7E, 0x7E, 0x7A, 0x7A, 0x76, 0x76, 0x76, 0x7A, 0x7A, 0x7A, 0x7A, 0x76, 0x76, 0x76, 0x76, 0x76,
    0x76, 0x7A, 0x7A, 0x76, 0x76, 0x76, 0x72, 0x76, 0x76, 0x7A, 0x7A, 0x7A, 0x76, 0x7A, 0x76, 0x76,
    0x76, 0x76, 0x7A, 0x7A, 0x7A, 0x7A, 0x7A, 0x7A, 0x76, 0x7A, 0x7A, 0x7A, 0x7A, 0x7E, 0x7E, 0x7E,
    0x7E, 0x7E, 0x7E, 0x82, 0x7E, 0x82, 0x82, 0x82, 0x82, 0x82, 0x82, 0x86, 0x86, 0x86, 0x86, 0x86,
    0x86, 0x86, 0x86, 0x86, 0x8A, 0x8A, 0x86, 0x86, 0x86, 0x8A, 0x8A, 0x86, 0x8A, 0x8A, 0x8A, 0x8A,
    0x86, 0x86, 0x86, 0x8A, 0x86, 0x8A, 0x8A, 0x86, 0x86, 0x86, 0x86, 0x82, 0x86, 0x86, 0x8A, 0x86,
    0x8A, 0x86, 0x86, 0x82, 0x82, 0x82, 0x82, 0x86, 0x86, 0x82, 0x82, 0x82, 0x7E, 0x7E, 0x7E, 0x7E,
    0x82, 0x7E, 0x82, 0x7E, 0x7A, 0x7A, 0x7A, 0x7A, 0x7A, 0x7A, 0x7E, 0x7E, 0x7E, 0x7A, 0x76, 0x76,
    0x76, 0x76, 0x7A, 0x7A, 0x7A, 0x7A, 0x7A, 0x76, 0x7A, 0x76, 0x76, 0x7A, 0x7A, 0x7A, 0x7A, 0x7A,
    0x7A, 0x76, 0x76, 0x76, 0x76, 0x7A, 0x7A, 0x7A, 0x7A, 0x7A, 0x7A, 0x7A, 0x7A, 0x7A, 0x7A, 0x7A,
    0x7A, 0x7A, 0x7A, 0x7A, 0x7A, 0x7A, 0x7A, 0x7A, 0x7A, 0x7A, 0x7A, 0x7E, 0x7E, 0x7E, 0x82, 0x82,
    0x82, 0x82, 0x82, 0x82, 0x82, 0x82, 0x82, 0x82, 0x82, 0x82, 0x7E, 0x82, 0x82, 0x82, 0x82, 0x82,
    0x82, 0x82, 0x82, 0x82, 0x82, 0x82, 0x82, 0x82, 0x86, 0x86, 0x86, 0x86, 0x86, 0x86, 0x86, 0x8A,
    0x8A, 0x8A, 0x8A, 0x86, 0x86, 0x86, 0x86, 0x8A, 0x8A, 0x8A, 0x8A, 0x86, 0x86, 0x86, 0x86, 0x86,
    0x8A, 0x82, 0x8E, 0x96, 0x7E, 0x7A, 0x82, 0x8A, 0xBA, 0x46, 0x7E, 0x5A, 0x86, 0x42, 0x7E, 0xAA,
    0x96, 0xAA, 0x76, 0x72, 0x4A, 0x62, 0x96, 0x66, 0xAE, 0xA6, 0x96, 0x6E, 0x86, 0x62, 0x7A, 0x26,
    0x3E, 0x96, 0xCA, 0xAE, 0xAA, 0x92, 0x26, 0x2A, 0x2A, 0x5E, 0x96, 0xC2, 0xB6, 0x8E, 0x6E, 0x46,
    0x1E, 0x2E, 0x66, 0x92, 0xB6, 0xBA, 0x96, 0x5A, 0x6A, 0x22, 0x32, 0x76, 0xAA, 0xC2, 0xC2, 0x82,
    0x62, 0x3E, 0x2E, 0x3E, 0x86, 0x9E, 0x9E, 0x96, 0x8A, 0x82, 0x46, 0x46, 0x4E, 0x82, 0x96, 0x9E,
    0x9E, 0x86, 0x76, 0x46, 0x4E, 0x62, 0x92, 0x96, 0x9E, 0x96, 0x7E, 0x72, 0x52, 0x72, 0x76, 0x96,
    0x82, 0x8E, 0x7E, 0x8E, 0x7A, 0x6E, 0x82, 0x8E, 0x96, 0x8E, 0x86, 0x7A, 0x7A, 0x5E, 0x7A, 0xA6,
    0xA6, 0xAE, 0x96, 0x72, 0x6E, 0x66, 0x6A, 0x7A, 0x9E, 0xAE, 0xA6, 0x8A, 0x82, 0x76, 0x62, 0x72,
    0x7E, 0xAA, 0x9E, 0xB6, 0x86, 0x76, 0x6E, 0x46, 0x72, 0x8A, 0xB2, 0xAA, 0xB2, 0x86, 0x76, 0x56,
    0x56, 0x6E, 0x86, 0xAE, 0x96, 0x9E, 0x82, 0x7A, 0x62, 0x62, 0x6E, 0x82, 0x96, 0x92, 0x8E, 0x86,
    0x72, 0x56, 0x62, 0x7A, 0x86, 0x96, 0x8A, 0x82, 0x7E, 0x6A, 0x62, 0x66, 0x7A, 0x7E, 0x7E, 0x7A,
    0x82, 0x7A, 0x6E, 0x72, 0x62, 0x76, 0x6E, 0x7A, 0x72, 0x7E, 0x62, 0x6A, 0x76, 0x7E, 0x72, 0x6A,
    0x82, 0x66, 0x82, 0x5E, 0x7A, 0x7A, 0x82, 0x7E, 0x76, 0x8A, 0x72, 0x7E, 0x6A, 0x7E, 0x7E, 0x82,
    0x92, 0x7A, 0x92, 0x7E, 0x6A, 0x6E, 0x7A, 0x86, 0x8E, 0x96, 0x92, 0x8A, 0x76, 0x7A, 0x72, 0x8A,
    0x92, 0x8A, 0x96, 0x8A, 0x96, 0x76, 0x86, 0x7A, 0x8A, 0x96, 0x92, 0x9E, 0x82, 0x96, 0x6E, 0x7A,
    0x86, 0x8E, 0x96, 0x96, 0x96, 0x86, 0x7E, 0x7A, 0x7E, 0x86, 0x92, 0x82, 0x8A, 0x8A, 0x8A, 0x82,
    0x7A, 0x82, 0x82, 0x82, 0x86, 0x82, 0x8A, 0x7E, 0x72, 0x7A, 0x82, 0x86, 0x82, 0x86, 0x76, 0x7E,
    0x72, 0x76, 0x7A, 0x82, 0x7E, 0x76, 0x7A, 0x7A, 0x7E, 0x76, 0x7A, 0x76, 0x7E, 0x7A, 0x7A, 0x76,
    0x72, 0x6A, 0x6E, 0x7A, 0x82, 0x82, 0x7E, 0x76, 0x72, 0x6E, 0x6A, 0x72, 0x7A, 0x82, 0x7E, 0x7A,
    0x76, 0x72, 0x72, 0x6E, 0x7A, 0x7E, 0x82, 0x82, 0x7A, 0x76, 0x76, 0x66, 0x72, 0x7A, 0x8A, 0x8A,
    0x8A, 0x82, 0x76, 0x72, 0x72, 0x7E, 0x82, 0x92, 0x8A, 0x7E, 0x82, 0x82, 0x76, 0x7E, 0x82, 0x8A,
    0x8A, 0x92, 0x8A, 0x82, 0x82, 0x72, 0x7E, 0x8A, 0x8E, 0x96, 0x8E, 0x8A, 0x82, 0x7A, 0x7A, 0x82,
    0x8A, 0x92, 0x86, 0x86, 0x86, 0x86, 0x7A, 0x7E, 0x82, 0x8A, 0x8A, 0x8A, 0x86, 0x82, 0x82, 0x76,
    0x7A, 0x8A, 0x8E, 0x8E, 0x86, 0x7E, 0x82, 0x72, 0x7A, 0x82, 0x8A, 0x8E, 0x82, 0x82, 0x7E, 0x7E,
    0x76, 0x7E, 0x7E, 0x86, 0x86, 0x86, 0x7E, 0x7E, 0x72, 0x6E, 0x7A, 0x82, 0x8A, 0x86, 0x82, 0x76,
    0x7A, 0x6E, 0x72, 0x7E, 0x82, 0x82, 0x7E, 0x7E, 0x7E, 0x72, 0x76, 0x76, 0x7E, 0x7E, 0x82, 0x82,
    0x7E, 0x7E, 0x6E, 0x6E, 0x7A, 0x82, 0x82, 0x86, 0x82, 0x7A, 0x76, 0x6E, 0x76, 0x7A, 0x82, 0x7E,
    0x7E, 0x7E, 0x7E, 0x76, 0x72, 0x7A, 0x7A, 0x7E, 0x82, 0x82, 0x7E, 0x7E, 0x6E, 0x76, 0x7E, 0x86,
    0x86, 0x82, 0x82, 0x7E, 0x76, 0x7A, 0x7E, 0x86, 0x86, 0x82, 0x7E, 0x7E, 0x86, 0x7A, 0x82, 0x82,
    0x8A, 0x86, 0x86, 0x82, 0x82, 0x7E, 0x7A, 0x82, 0x8A, 0x8E, 0x8A, 0x8A, 0x7E, 0x7E, 0x7A, 0x7E,
    0x86, 0x8A, 0x8A, 0x86, 0x82, 0x82, 0x7E, 0x7E, 0x82, 0x8A, 0x8A, 0x8E, 0x8A, 0x82, 0x82, 0x76,
    0x7A, 0x82, 0x8E, 0x8E, 0x8E, 0x86, 0x7E, 0x7A, 0x76, 0x7E, 0x82, 0x8E, 0x86, 0x86, 0x82, 0x82,
    0x7A, 0x76, 0x7E, 0x7E, 0x86, 0x86, 0x82, 0x7E, 0x7E, 0x6E, 0x72, 0x7A, 0x82, 0x86, 0x86, 0x82,
    0x7A, 0x72, 0x72, 0x76, 0x7A, 0x7E, 0x7E, 0x7A, 0x7A, 0x7A, 0x72, 0x76, 0x76, 0x7A, 0x7A, 0x7E,
    0x7A, 0x76, 0x7A, 0x6A, 0x72, 0x7E, 0x7E, 0x82, 0x7E, 0x7A, 0x7A, 0x72, 0x72, 0x7A, 0x7E, 0x82,
    0x7A, 0x7E, 0x7A, 0x7A, 0x76, 0x7A, 0x7E, 0x7E, 0x86, 0x82, 0x7E, 0x7E, 0x76, 0x76, 0x7E, 0x86,
    0x8A, 0x8A, 0x86, 0x82, 0x82, 0x7A, 0x7E, 0x86, 0x8A, 0x8A, 0x86, 0x86, 0x86, 0x7E, 0x7E, 0x82,
    0x86, 0x8A, 0x8A, 0x8A, 0x86, 0x86, 0x7A, 0x7E, 0x86, 0x8E, 0x8E, 0x8E, 0x86, 0x7E, 0x7E, 0x7A,
    0x82, 0x86, 0x8A, 0x86, 0x82, 0x82, 0x82, 0x7A, 0x7E, 0x82, 0x82, 0x86, 0x86, 0x82, 0x7A, 0x7E,
    0x6E, 0x7A, 0x82, 0x86, 0x86, 0x82, 0x7A, 0x7A, 0x72, 0x76, 0x7A, 0x82, 0x86, 0x7E, 0x7E, 0x7A,
    0x7A, 0x72, 0x76, 0x7A, 0x7E, 0x7E, 0x7E, 0x7A, 0x76, 0x72, 0x6E, 0x76, 0x7E, 0x82, 0x82, 0x7E,
    0x76, 0x76, 0x72, 0x76, 0x7A, 0x82, 0x7E, 0x7E, 0x7E, 0x7E, 0x76, 0x76, 0x7A, 0x7E, 0x82, 0x86,
    0x82, 0x7E, 0x7E, 0x72, 0x76, 0x7E, 0x86, 0x86, 0x86, 0x82, 0x7E, 0x76, 0x7A, 0x7E, 0x86, 0x86,
    0x82, 0x82, 0x82, 0x82, 0x7A, 0x7E, 0x82, 0x86, 0x86, 0x86, 0x82, 0x7E, 0x7A, 0x7A, 0x82, 0x86,
    0x8A, 0x8A, 0x86, 0x7E, 0x7E, 0x7A, 0x7E, 0x82, 0x8A, 0x86, 0x82, 0x7E, 0x7E, 0x7A, 0x7A, 0x7E,
    0x82, 0x86, 0x86, 0x82, 0x7E, 0x7E, 0x72, 0x76, 0x82, 0x8A, 0x8A, 0x8A, 0x82, 0x7A, 0x7A, 0x76,
    0x7A, 0x82, 0x8A, 0x82, 0x82, 0x82, 0x7E, 0x76, 0x7A, 0x7E, 0x82, 0x8A, 0x8A, 0x86, 0x82, 0x7A,
    0x72, 0x7A, 0x82, 0x86, 0x8A, 0x86, 0x82, 0x7E, 0x76, 0x76, 0x7E, 0x82, 0x86, 0x82, 0x82, 0x7E,
    0x7E, 0x7A, 0x7E, 0x7E, 0x82, 0x82, 0x82, 0x7E, 0x7E, 0x76, 0x76, 0x7E, 0x82, 0x82, 0x86, 0x82,
    0x7A, 0x7A, 0x72, 0x7A, 0x7E, 0x86, 0x82, 0x82, 0x7E, 0x7E, 0x76, 0x7A, 0x7A, 0x7E, 0x82, 0x82,
    0x82, 0x7E, 0x7E, 0x72, 0x76, 0x7E, 0x82, 0x86, 0x86, 0x82, 0x7E, 0x7E, 0x76, 0x7A, 0x7E, 0x86,
    0x82, 0x7E, 0x7E, 0x7A, 0x7E, 0x7E, 0x7E, 0x7A, 0x7E, 0x82, 0x7E, 0x82, 0x7A, 0x5A, 0x6A, 0x82,
    0x8A, 0x9E, 0x92, 0x82, 0xAA, 0x96, 0x4E, 0x5A, 0x56, 0x96, 0x92, 0xAE, 0xF6, 0xAA, 0xC2, 0xB6,
    0xA6, 0x6, 0x66, 0x3E, 0x4A, 0x1E, 0x2E, 0x3A, 0x46, 0x4E, 0xA6, 0x7E, 0xDE, 0xF2, 0xE2, 0xEE,
    0xC2, 0xB6, 0x7E, 0xBE, 0x4A, 0x5A, 0xBA, 0x5E, 0x36, 0xD6, 0x2A, 0x76, 0x8E, 0xAA, 0x9E, 0xA,
    0x9E, 0x8A, 0xA, 0x3A, 0x76, 0x5A, 0x6E, 0x6E, 0x6A, 0x86, 0x4A, 0xEA, 0x36, 0xA6, 0x32, 0x3E,
    0x46, 0x6A, 0x56, 0xB6, 0x76, 0xEA, 0x92, 0xF6, 0xD6, 0xEA, 0xDA, 0xC2, 0xC2, 0x56, 0xB6, 0x56,
    0x3A, 0xE, 0x32, 0x4A, 0x3E, 0x7E, 0x52, 0x72, 0x96, 0xCA, 0xBA, 0x4E, 0xDA, 0x16, 0x6A, 0x72,
    0x2E, 0x32, 0x6E, 0x5E, 0x6E, 0x52, 0x6A, 0x7A, 0x7E, 0x9E, 0x5E, 0xCA, 0xBA, 0xBA, 0xCA, 0x7E,
    0x96, 0xC2, 0x7A, 0xCA, 0x3E, 0xEA, 0x96, 0xB6, 0x72, 0xBA, 0x92, 0x7E, 0x5A, 0x6A, 0x12, 0x3E,
    0xA6, 0x5E, 0xB2, 0x32, 0xB6, 0x56, 0xAE, 0x6A, 0x62, 0x9E, 0x36, 0xCA, 0x66, 0x72, 0x3A, 0x9E,
    0x46, 0x66, 0x82, 0x8E, 0x4E, 0x96, 0xBE, 0xAA, 0x76, 0xA6, 0x8A, 0xB6, 0xDA, 0x96, 0x56, 0x9E,
    0x8E, 0x8A, 0x72, 0xAE, 0x82, 0x96, 0x82, 0x46, 0x92, 0x52, 0x72, 0x6A, 0x32, 0xBA, 0x3A, 0x82,
    0x72, 0x5E, 0x9E, 0x5A, 0x86, 0x96, 0x56, 0x7A, 0x9E, 0x8E, 0x4A, 0x96, 0xA6, 0x72, 0xAA, 0xAA,
    0x6A, 0xBE, 0x9E, 0x76, 0x96, 0x76, 0x86, 0x9E, 0x9E, 0x6E, 0xAE, 0x4E, 0xCA, 0x32, 0xBE, 0x6A,
    0x6E, 0x96, 0x62, 0x9E, 0x7E, 0x7E, 0x76, 0x4A, 0x86, 0x36, 0x7A, 0x7A, 0x7E, 0x6A, 0x4E, 0x9E,
    0x96, 0x6E, 0x9E, 0x7E, 0x9E, 0x8A, 0x82, 0x7E, 0x9E, 0x7E, 0x8A, 0xA6, 0x62, 0x96, 0x8E, 0x56,
    0xBA, 0x96, 0x6E, 0xCA, 0x7E, 0x96, 0x82, 0x6A, 0x62, 0x82, 0x6A, 0x92, 0x62, 0xB2, 0xA6, 0x4A,
    0x7E, 0x6E, 0x6A, 0x6E, 0x7A, 0x42, 0x6A, 0x5E, 0x6E, 0x82, 0x4A, 0x86, 0x96, 0x9E, 0x46, 0xBE,
    0xBA, 0x6A, 0xAE, 0xBE, 0x86, 0xAA, 0x7E, 0x72, 0x8A, 0x6E, 0x8E, 0x96, 0x6A, 0xA6, 0x5A, 0x52,
    0x6E, 0x7A, 0x42, 0xAE, 0x56, 0x92, 0x8E, 0x86, 0x6E, 0x7A, 0x96, 0x46, 0x9E, 0x8A, 0x8E, 0x92,
    0x66, 0x92, 0x66, 0x8E, 0x82, 0x76, 0x62, 0x9E, 0x86, 0x96, 0x82, 0x96, 0x86, 0xB2, 0x96, 0x96,
    0xBA, 0x9E, 0x6A, 0x86, 0x5E, 0x8A, 0x7A, 0x6A, 0x5A, 0x76, 0x4E, 0x6E, 0x7E, 0x66, 0x72, 0x8E,
    0x9E, 0x82, 0x6E, 0x7A, 0x76, 0x56, 0x7A, 0x86, 0x82, 0x8A, 0x6A, 0x9E, 0x7A, 0x8E, 0x8A, 0x9E,
    0x7A, 0x82, 0x7E, 0xA6, 0x5E, 0xB2, 0x6A, 0x5A, 0x76, 0xAE, 0x7E, 0x9E, 0x96, 0x8E, 0x96, 0x86,
    0x6E, 0x92, 0x6E, 0x4A, 0x66, 0x5A, 0x8A, 0x56, 0x7E, 0x82, 0x6E, 0x76, 0x5E, 0x7E, 0x66, 0xB2,
    0x6E, 0x8A, 0x96, 0x8E, 0x96, 0x82, 0x96, 0x7E, 0xBA, 0x96, 0x96, 0x7E, 0xA6, 0x6A, 0x7A, 0x72,
    0x4E, 0x86, 0x5E, 0x66, 0x76, 0xA6, 0x62, 0x7A, 0x7E, 0x86, 0x7A, 0x6E, 0x96, 0x5E, 0xA6, 0x62,
    0x4A, 0x6E, 0x6A, 0x76, 0x62, 0x86, 0x72, 0x62, 0x9E, 0x96, 0x86, 0x8E, 0x96, 0x72, 0xA6, 0x82,
    0xAE, 0xA6, 0x9E, 0x8E, 0x8E, 0x82, 0x96, 0x86, 0x6A, 0xA6, 0x72, 0x5A, 0x66, 0x5E, 0x92, 0x66,
    0x6E, 0x72, 0x96, 0x66, 0x82, 0x76, 0x96, 0x86, 0x6E, 0x8A, 0x6A, 0x96, 0x76, 0x76, 0x66, 0x8E,
    0x6A, 0x82, 0xA6, 0x7A, 0x7E, 0x8A, 0x86, 0x6E, 0x86, 0x96, 0x82, 0x9E, 0x86, 0x96, 0x92, 0x8A,
    0x9E, 0x7E, 0x92, 0xAE, 0x8A, 0x92, 0x76, 0x7A, 0x8A, 0x72, 0x6E, 0x76, 0x66, 0x72, 0x66, 0x8A,
    0x76, 0x6E, 0x72, 0x86, 0x7E, 0x82, 0x86, 0x62, 0x92, 0x86, 0x7E, 0x92, 0x86, 0x8E, 0x8E, 0x7E,
    0x62, 0x7A, 0x8E, 0x7E, 0x82, 0x8E, 0x7A, 0x96, 0x76, 0x86, 0x6E, 0x86, 0x76, 0x62, 0x7A, 0x66,
    0x62, 0x62, 0x82, 0x6E, 0x8A, 0x76, 0x8E, 0x86, 0x6E, 0x7A, 0x7E, 0x76, 0x86, 0x86, 0x8A, 0x8A,
    0x76, 0x7A, 0x9E, 0x86, 0x8E, 0x82, 0x92, 0x82, 0x8A, 0x7A, 0x82, 0x7E, 0x86, 0x7A, 0x82, 0x7E,
    0x96, 0x82, 0x96, 0x7E, 0x86, 0x7E, 0x82, 0x86, 0x66, 0x76, 0x7E, 0x62, 0x6E, 0x6A, 0x6E, 0x8A,
    0x7E, 0x6E, 0x6E, 0x6A, 0x6E, 0x8E, 0x7A, 0x92, 0x96, 0x92, 0x92, 0x72, 0x9E, 0x96, 0x82, 0x82,
    0x82, 0x8A, 0x92, 0x7A, 0x96, 0x7A, 0x96, 0x82, 0x76, 0x7E, 0x7E, 0x6A, 0x6A, 0x86, 0x6E, 0x66,
    0x6A, 0x8A, 0x8A, 0x82, 0x7E, 0x6E, 0x6A, 0x86, 0x6E, 0x8E, 0x7E, 0x7A, 0x8E, 0x72, 0x92, 0x82,
    0x6A, 0x96, 0x76, 0x7A, 0x8A, 0x86, 0x8A, 0x7E, 0x72, 0x96, 0x7E, 0x72, 0x7A, 0x7E, 0x8A, 0x8A,
    0x7E, 0x8E, 0x8A, 0x96, 0x8A, 0x7A, 0x82, 0x6E, 0x82, 0x86, 0x6E, 0x72, 0x8A, 0x82, 0x92, 0x7E,
    0x96, 0x86, 0x6E, 0x86, 0x6E, 0x72, 0x76, 0x7A, 0x8E, 0x8A, 0x7E, 0x86, 0x86, 0x76, 0x96, 0x86,
    0x7A, 0x76, 0x82, 0x92, 0x7E, 0x8A, 0x7E, 0x8A, 0x76, 0x72, 0x6A, 0x8A, 0x8A, 0x9E, 0x76, 0x92,
    0x72, 0x96, 0x8A, 0x62, 0x86, 0x72, 0x6E, 0x7A, 0x7A, 0x82, 0x7A, 0x6E, 0x7A, 0x66, 0x8E, 0x7E,
    0x86, 0x76, 0x92, 0x7A, 0x82, 0x86, 0x72, 0x86, 0x7A, 0x92, 0x7E, 0x76, 0x8E, 0x72, 0x82, 0x96,
    0x7A, 0x82, 0x6E, 0x72, 0x6E, 0x8E, 0x66, 0x82, 0x8E, 0x7A, 0x7A, 0x7A, 0x72, 0x7E, 0x66, 0x8E,
    0x76, 0x8A, 0x86, 0x72, 0x82, 0x7A, 0x7A, 0x82, 0x7E, 0x7E, 0x86, 0x96, 0x7A, 0x92, 0x86, 0x8A,
    0x76, 0x8A, 0x82, 0x8A, 0x96, 0x7E, 0x7A, 0x8A, 0x7A, 0x7A, 0x7A, 0x6A, 0x76, 0x6A, 0x82, 0x72,
    0x7A, 0x7E, 0x72, 0x7A, 0x96, 0x7A, 0x82, 0x8A, 0x7A, 0x96, 0x5E, 0x86, 0x7E, 0x7E, 0x7A, 0x8A,
    0x82, 0x76, 0x4A, 0x5E, 0xA6, 0x7E, 0xAE, 0x7A, 0x82, 0x4A, 0x6E, 0x72, 0x76, 0x86, 0xBE, 0x9E,
    0x7A, 0x5E, 0x3E, 0x4E, 0x5E, 0x8E, 0xA6, 0xA6, 0x96, 0x7A, 0x66, 0x3E, 0x5A, 0x62, 0x86, 0x92,
    0xBA, 0xAE, 0x8E, 0x96, 0x56, 0x62, 0x62, 0x7A, 0x8E, 0xA6, 0x9E, 0x86, 0x62, 0x6A, 0x4E, 0x66,
    0x62, 0x8E, 0x9E, 0x9E, 0x86, 0x7E, 0x5E, 0x5A, 0x5E, 0x72, 0x7E, 0x82, 0x82, 0x82, 0x7E, 0x72,
    0x62, 0x5A, 0x7A, 0x8E, 0x8A, 0x96, 0x92, 0x92, 0x82, 0x7A, 0x66, 0x6A, 0x7E, 0x76, 0x6E, 0x96,
    0x7E, 0x6A, 0x86, 0x62, 0x76, 0x7A, 0x6A, 0x8E, 0x7E, 0x86, 0x9E, 0x7A, 0x96, 0x76, 0x7E, 0x76,
    0x76, 0x8E, 0x72, 0x9E, 0x82, 0x8E, 0x76, 0x7E, 0x6E, 0x76, 0x72, 0x9E, 0x8E, 0x9E, 0x96, 0x82,
    0x72, 0x8A, 0x6A, 0x72, 0x7E, 0x96, 0x92, 0x8E, 0x72, 0x72, 0x6E, 0x66, 0x86, 0x76, 0x96, 0x96,
    0x92, 0x92, 0x7E, 0x76, 0x76, 0x7E, 0x76, 0x8E, 0x8E, 0x96, 0x72, 0x8A, 0x5E, 0x5E, 0x62, 0x72,
    0x72, 0x92, 0x8E, 0x82, 0x76, 0x82, 0x6A, 0x76, 0x62, 0x96, 0x6E, 0x96, 0x9E, 0x8A, 0x86, 0x56,
    0x8A, 0x4E, 0x7E, 0x6A, 0x96, 0x8E, 0x76, 0x82, 0x6E, 0x86, 0x5A, 0x92, 0x66, 0x82, 0x86, 0x82,
    0x82, 0x6A, 0x6E, 0x5A, 0x76, 0x76, 0x82, 0x72, 0x7A, 0x7A, 0x6A, 0x76, 0x7E, 0x8A, 0x7A, 0x92,
    0x8E, 0x92, 0x8A, 0x6A, 0x96, 0x72, 0x96, 0x76, 0x82, 0x76, 0x8E, 0x82, 0x7E, 0x86, 0x8A, 0x9E,
    0x7E, 0x86, 0x7A, 0x86, 0x7A, 0x76, 0x82, 0x7A, 0x96, 0x72, 0x8E, 0x72, 0x76, 0x82, 0x7A, 0x96,
    0x6A, 0xA6, 0x7A, 0x7E, 0x92, 0x72, 0x96, 0x86, 0x96, 0x96, 0x8A, 0x7E, 0xA6, 0x7A, 0x86, 0x7E,
    0x8A, 0x7E, 0x82, 0x82, 0x8A, 0x86, 0x76, 0x86, 0x72, 0x9E, 0x8A, 0x76, 0x72, 0x7E, 0x7E, 0x5A,
    0x6A, 0x6A, 0x66, 0x7A, 0x86, 0x82, 0x6A, 0x6E, 0x7A, 0x72, 0x76, 0x76, 0x7E, 0x76, 0x9E, 0x6E,
    0x82, 0x72, 0x6E, 0x76, 0x72, 0x6E, 0x7E, 0x8A, 0x7E, 0x7A, 0x72, 0x76, 0x72, 0x76, 0x6A, 0x7E,
    0x6E, 0x86, 0x76, 0x66, 0x7E, 0x62, 0x86, 0x66, 0x82, 0x76, 0x7A, 0x8E, 0x7E, 0x76, 0x82, 0x86,
    0x8A, 0x86, 0x82, 0x7A, 0x92, 0x8A, 0x76, 0x7A, 0x82, 0x7E, 0x8E, 0x76, 0x96, 0x7A, 0x92, 0x92,
    0x86, 0x82, 0x8A, 0x96, 0x92, 0x9E, 0x86, 0x8E, 0x8E, 0x82, 0x76, 0x82, 0x7E, 0x82, 0x7E, 0x7E,
    0x76, 0x7E, 0x96, 0x72, 0x82, 0x92, 0x76, 0x96, 0x92, 0x7A, 0x96, 0x8E, 0x76, 0x7A, 0x7A, 0x8A,
    0x92, 0x7E, 0x8E, 0x7A, 0x86, 0x92, 0x7E, 0x96, 0x8A, 0x86, 0x96, 0x7E, 0x8A, 0x7E, 0x8E, 0x6E,
    0x72, 0x82, 0x6E, 0x66, 0x82, 0x66, 0x6E, 0x7E, 0x7E, 0x72, 0x76, 0x76, 0x72, 0x6A, 0x6A, 0x7E,
    0x62, 0x82, 0x7E, 0x6E, 0x82, 0x7A, 0x86, 0x6E, 0x86, 0x96, 0x7E, 0x8E, 0x7A, 0x8A, 0x82, 0x7E,
    0x7A, 0x7E, 0x86, 0x76, 0x8A, 0x7E, 0x76, 0x6A, 0x7A, 0x5E, 0x7E, 0x6A, 0x76, 0x7E, 0x6E, 0x72,
    0x7E, 0x6E, 0x7A, 0x86, 0x6E, 0x86, 0x8A, 0x6E, 0x6A, 0x6E, 0x7E, 0x7E, 0x7A, 0x8A, 0x7E, 0x8A,
    0x82, 0x86, 0x8A, 0x92, 0x92, 0x7E, 0x8A, 0x96, 0x8A, 0x8A, 0x8A, 0x8E, 0x8A, 0x8A, 0x76, 0x96,
    0x7E, 0x8A, 0x7E, 0x7A, 0x72, 0x82, 0x6A, 0x82, 0x72, 0x7A, 0x76, 0x72, 0x8A, 0x6E, 0x82, 0x6E,
    0x96, 0x66, 0x92, 0x8E, 0x8E, 0x8A, 0x86, 0x96, 0x96, 0x7E, 0x96, 0x86, 0x8E, 0x9E, 0x7E, 0x9E,
    0x92, 0x82, 0x7E, 0x8A, 0x7A, 0x9E, 0x72, 0x8E, 0x82, 0x6E, 0x76, 0x7E, 0x7A, 0x86, 0x7A, 0x7E,
    0x8A, 0x66, 0x76, 0x62, 0x7E, 0x72, 0x6A, 0x6E, 0x82, 0x7E, 0x76, 0x7A, 0x82, 0x66, 0x86, 0x8E,
    0x7E, 0x82, 0x7E, 0x86, 0x72, 0x8E, 0x6A, 0x76, 0x82, 0x72, 0x7E, 0x7E, 0x7A, 0x72, 0x72, 0x86,
    0x66, 0x7E, 0x7E, 0x8E, 0x6A, 0x86, 0x7A, 0x62, 0x7A, 0x7A, 0x72, 0x6E, 0x72, 0x6A, 0x6A, 0x6A,
    0x6E, 0x6E, 0x86, 0x5A, 0x92, 0x6E, 0x86, 0x86, 0x7A, 0x7E, 0x8A, 0x96, 0x7E, 0x7E, 0x7E, 0x82,
    0x8E, 0x82, 0x7E, 0x8E, 0x7A, 0x82, 0x8A, 0x8A, 0x92, 0x8E, 0x86, 0x96, 0x86, 0x8E, 0x7E, 0x86,
    0x82, 0x7A, 0x86, 0x8E, 0x82, 0x96, 0x7E, 0x7E, 0x82, 0x82, 0x8E, 0x7A, 0x92, 0x8E, 0x96, 0x82,
    0x9E, 0x82, 0x8E, 0x8A, 0x8A, 0x76, 0x7A, 0x6E, 0x92, 0x7A, 0x7E, 0x7A, 0x8E, 0x86, 0x76, 0x8E,
    0x7E, 0x7E, 0x76, 0x7E, 0x7E, 0x86, 0x72, 0x8E, 0x7E, 0x8A, 0x7A, 0x6E, 0x7A, 0x7A, 0x6A, 0x7A,
    0x82, 0x7A, 0x82, 0x86, 0x82, 0x66, 0x82, 0x7A, 0x8E, 0x76, 0x82, 0x7A, 0x82, 0x66, 0x6E, 0x72,
    0x76, 0x76, 0x76, 0x86, 0x66, 0x7E, 0x82, 0x7A, 0x6A, 0x8E, 0x7A, 0x7A, 0x6E, 0x8A, 0x72, 0x92,
    0x76, 0x76, 0x72, 0x86, 0x6E, 0x72, 0x7E, 0x7A, 0x7A, 0x7E, 0x72, 0x8E, 0x72, 0x8E, 0x7A, 0x82,
    0x7E, 0x66, 0x8E, 0x76, 0x7E, 0x7E, 0x8A, 0x7E, 0x92, 0x7E, 0x76, 0x8E, 0x96, 0x82, 0x96, 0x7E,
    0x8A, 0x7E, 0x7E, 0x9E, 0x76, 0x82, 0x76, 0x7E, 0x72, 0x86, 0x76, 0x76, 0x86, 0x86, 0x6A, 0x82,
    0x8E, 0x7A, 0x7E, 0x7E, 0x82, 0x86, 0x8A, 0x76, 0x7A, 0x7A, 0x7E, 0x76, 0x8E, 0x6A, 0x7E, 0x8E,
    0x72, 0x86, 0x7E, 0x82, 0x7E, 0x92, 0x8A, 0x8E, 0x8E, 0x96, 0x86, 0x7A, 0x86, 0x96, 0x6A, 0x86,
    0x82, 0x62, 0x82, 0x7A, 0x7E, 0x76, 0x8A, 0x6A, 0x8E, 0x82, 0x7E, 0x86, 0x82, 0x82, 0x7E, 0x76,
    0x7E, 0x76, 0x76, 0x7A, 0x76, 0x7E, 0x82, 0x7A, 0x86, 0x7E, 0x86, 0x8E, 0x86, 0x8E, 0x7E, 0x82,
    0x92, 0x82, 0x66, 0x8A, 0x6E, 0x7E, 0x7A, 0x7A, 0x72, 0x82, 0x7E, 0x7E, 0x72, 0x6E, 0x82, 0x76,
    0x82, 0x86, 0x7A, 0x82, 0x7E, 0x82, 0x7E, 0x72, 0x7E, 0x6E, 0x86, 0x72, 0x96, 0x7E, 0x72, 0x76,
    0x86, 0x7E, 0x7A, 0x82, 0x8A, 0x8A, 0x8A, 0x8E, 0x96, 0x66, 0x7E, 0x7A, 0x76, 0x7E, 0x72, 0x76,
    0x9E, 0x82, 0x7E, 0x7E, 0x96, 0xAE, 0x8A, 0x9E, 0x72, 0x56, 0x6E, 0x86, 0x7A, 0x9E, 0x72, 0x4A,
    0x8A, 0x62, 0xAA, 0x2E, 0xBE, 0x6E, 0x66, 0x82, 0x9E, 0x7A, 0x7A, 0x86, 0xCA, 0x9E, 0x62, 0x6E,
    0xCA, 0x8A, 0x3E, 0x52, 0x7A, 0x92, 0xB2, 0xA6, 0xCA, 0xE2, 0xCA, 0xC2, 0xA6, 0x72, 0x92, 0x3E,
    0x6E, 0x1E, 0x46, 0x6, 0x22, 0x1E, 0x3E, 0x36, 0x72, 0x46, 0x4E, 0x56, 0x5E, 0x62, 0x6E, 0x7E,
    0x6E, 0x82, 0x82, 0xAE, 0x86, 0xAE, 0xE6, 0x92, 0xF2, 0xFE, 0xB6, 0xEA, 0xDA, 0xC2, 0xC2, 0xBA,
    0x96, 0xAA, 0x92, 0x9E, 0x8A, 0x96, 0x32, 0x86, 0x7A, 0x66, 0x3A, 0x76, 0x52, 0x36, 0x56, 0x5E,
    0x2A, 0x22, 0x66, 0x36, 0x2E, 0x3E, 0x46, 0x46, 0x4A, 0x5A, 0x5A, 0x62, 0x66, 0x66, 0x6E, 0x6E,
    0x72, 0x72, 0x76, 0x76, 0x7A, 0x7E, 0x7A, 0x7E, 0x9E, 0x8E, 0x7A, 0x96, 0xAE, 0xAA, 0xB2, 0xA6,
    0x82, 0x92, 0xB2, 0xC2, 0xBE, 0x96, 0x96, 0xC2, 0xB2, 0xCA, 0xB6, 0x9E, 0x7E, 0x9E, 0x96, 0x9E,
    0xA6, 0xB2, 0xAA, 0x7E, 0x7A, 0x96, 0x9E, 0x96, 0x6E, 0x8A, 0x8E, 0x6E, 0x92, 0x7A, 0x5A, 0x72,
    0x6E, 0x5A, 0x72, 0x52, 0x5E, 0x6E, 0x5A, 0x72, 0x4A, 0x62, 0x42, 0x66, 0x46, 0x6E, 0x42, 0x5E,
    0x3A, 0x66, 0x46, 0x56, 0x46, 0x5A, 0x5A, 0x52, 0x5A, 0x5E, 0x62, 0x66, 0x6A, 0x6E, 0x72, 0x72,
    0x76, 0x76, 0x7A, 0x7A, 0x7A, 0x7A, 0x7A, 0x7A, 0x8A, 0x82, 0x7E, 0x92, 0x96, 0x76, 0x96, 0x9E,
    0x86, 0x92, 0x9E, 0x9E, 0x92, 0x9E, 0xAE, 0xAA, 0x9E, 0x9E, 0xB6, 0x9E, 0x9E, 0x9E, 0xA6, 0x9E,
    0x96, 0xA6, 0xAA, 0xA6, 0x9E, 0x9E, 0x9E, 0xA6, 0x9E, 0x92, 0x9E, 0x96, 0x8A, 0x96, 0x82, 0xA6,
    0x82, 0x96, 0x86, 0x8E, 0x7A, 0x7E, 0x6E, 0x76, 0x66, 0x6E, 0x62, 0x6A, 0x6A, 0x5A, 0x6A, 0x5E,
    0x6A, 0x66, 0x76, 0x6E, 0x6E, 0x76, 0x76, 0x76, 0x76, 0x66, 0x76, 0x72, 0x76, 0x7E, 0x76, 0x72,
    0x7E, 0x6E, 0x76, 0x7A, 0x76, 0x7A, 0x7A, 0x7E, 0x76, 0x7A, 0x76, 0x7E, 0x76, 0x76, 0x76, 0x72,
    0x72, 0x6A, 0x72, 0x6A, 0x72, 0x6E, 0x66, 0x6A, 0x72, 0x6E, 0x66, 0x6A, 0x6A, 0x6A, 0x6E, 0x62,
    0x66, 0x6A, 0x6E, 0x6E, 0x76, 0x6A, 0x6E, 0x6A, 0x72, 0x76, 0x76, 0x6E, 0x76, 0x72, 0x76, 0x7E,
    0x7E, 0x7A, 0x82, 0x82, 0x82, 0x86, 0x8A, 0x8A, 0x8E, 0x8A, 0x92, 0x92, 0x8E, 0x8E, 0x92, 0x96,
    0x96, 0x9E, 0x9E, 0x9E, 0x9E, 0x9E, 0xAA, 0xAA, 0xB2, 0xAA, 0xAE, 0xB2, 0xB2, 0xB2, 0xB2, 0xB2,
    0xAA, 0xAA, 0xAA, 0xA6, 0x9E, 0x9E, 0x9E, 0x9E, 0x96, 0x96, 0x8E, 0x92, 0x8E, 0x8E, 0x86, 0x82,
    0x82, 0x82, 0x76, 0x7A, 0x72, 0x72, 0x66, 0x5E, 0x62, 0x62, 0x5E, 0x5E, 0x5E, 0x5A, 0x62, 0x5E,
    0x62, 0x62, 0x66, 0x66, 0x66, 0x66, 0x66, 0x62, 0x62, 0x62, 0x62, 0x62, 0x62, 0x62, 0x5E, 0x5E,
    0x5E, 0x5E, 0x5E, 0x62, 0x5A, 0x5E, 0x62, 0x5E, 0x66, 0x62, 0x66, 0x62, 0x6A, 0x6A, 0x6E, 0x72,
    0x72, 0x72, 0x76, 0x76, 0x76, 0x7A, 0x7A, 0x7A, 0x7A, 0x7E, 0x7E, 0x7E, 0x82, 0x7E, 0x82, 0x8A,
    0x8A, 0x8E, 0x92, 0x92, 0x8E, 0x92, 0x96, 0x96, 0x9E, 0x96, 0x96, 0x96, 0x96, 0x96, 0x96, 0x96,
    0x96, 0x96, 0x96, 0x96, 0x96, 0x96, 0x96, 0x9E, 0x9E, 0xA6, 0xA6, 0xA6, 0xA6, 0xA6, 0xAE, 0xAE,
    0xB6, 0xB2, 0xAA, 0xA6, 0xA6, 0xAA, 0x96, 0x96, 0x96, 0x92, 0x8A, 0x8A, 0x86, 0x86, 0x82, 0x76,
    0x7A, 0x7A, 0x7E, 0x7E, 0x7A, 0x76, 0x6E, 0x6E, 0x6A, 0x72, 0x66, 0x6A, 0x66, 0x62, 0x5E, 0x5A,
    0x5A, 0x5A, 0x5A, 0x56, 0x56, 0x56, 0x56, 0x56, 0x5A, 0x5A, 0x5A, 0x5A, 0x5A, 0x5A, 0x62, 0x66,
    0x62, 0x6A, 0x66, 0x6A, 0x6E, 0x6E, 0x76, 0x76, 0x7A, 0x72, 0x7A, 0x76, 0x7E, 0x7E, 0x7E, 0x7A,
    0x7E, 0x7E, 0x7A, 0x7E, 0x82, 0x7E, 0x7A, 0x7E, 0x7E, 0x7E, 0x7E, 0x82, 0x7E, 0x86, 0x82, 0x86,
    0x82, 0x86, 0x8A, 0x8A, 0x8A, 0x8E, 0x8A, 0x8E, 0x86, 0x86, 0x8A, 0x8A, 0x8A, 0x8A, 0x8A, 0x8E,
    0x8E, 0x8E, 0x8A, 0x8A, 0x8E, 0x8E, 0x8E, 0x8E, 0x8E, 0x92, 0x92, 0x92, 0x8E, 0x92, 0x96, 0x96,
    0x92, 0x96, 0x96, 0x9E, 0x96, 0x96, 0x96, 0x96, 0x96, 0x96, 0x96, 0x96, 0x8E, 0x8E, 0x8A, 0x86,
    0x8A, 0x86, 0x8A, 0x82, 0x82, 0x82, 0x82, 0x7E, 0x76, 0x7E, 0x7E, 0x82, 0x7A, 0x7E, 0x7A, 0x76,
    0x76, 0x7A, 0x76, 0x76, 0x6E, 0x72, 0x6E, 0x72, 0x66, 0x6A, 0x72, 0x6A, 0x6A, 0x66, 0x6A, 0x66,
    0x66, 0x6A, 0x6A, 0x6A, 0x6A, 0x6A, 0x6E, 0x72, 0x72, 0x76, 0x7A, 0x7A, 0x7A, 0x7E, 0x7E, 0x82,
    0x82, 0x82, 0x86, 0x7E, 0x82, 0x82, 0x82, 0x7E, 0x7E, 0x7A, 0x7A, 0x7A, 0x7E, 0x7A, 0x76, 0x72,
    0x72, 0x72, 0x72, 0x76, 0x76, 0x76, 0x76, 0x76, 0x72, 0x72, 0x76, 0x7A, 0x76, 0x7A, 0x7A, 0x7E,
    0x7A, 0x7E, 0x7A, 0x76, 0x7A, 0x7A, 0x7A, 0x7E, 0x7A, 0x7E, 0x7A, 0x7A, 0x7E, 0x7A, 0x7E, 0x7E,
    0x86, 0x82, 0x86, 0x8A, 0x8A, 0x8A, 0x8A, 0x8E, 0x92, 0x8E, 0x8E, 0x8E, 0x8E, 0x8E, 0x8E, 0x92,
    0x92, 0x92, 0x8E, 0x92, 0x8E, 0x8E, 0x8E, 0x8E, 0x8E, 0x92, 0x92, 0x92, 0x8E, 0x92, 0x8E, 0x92,
    0x8E, 0x8E, 0x92, 0x92, 0x92, 0x92, 0x92, 0x8E, 0x8E, 0x8A, 0x8E, 0x8A, 0x8A, 0x8A, 0x8A, 0x8A,
    0x86, 0x86, 0x86, 0x82, 0x82, 0x82, 0x82, 0x7E, 0x7A, 0x7A, 0x7A, 0x7A, 0x76, 0x7A, 0x76, 0x76,
    0x76, 0x72, 0x72, 0x76, 0x72, 0x72, 0x6E, 0x72, 0x72, 0x6E, 0x72, 0x6E, 0x72, 0x6E, 0x72, 0x72,
    0x72, 0x72, 0x72, 0x72, 0x72, 0x72, 0x72, 0x72, 0x72, 0x72, 0x72, 0x76, 0x7A, 0x72, 0x76, 0x76,
    0x7A, 0x76, 0x7A, 0x86, 0x82, 0x7E, 0x7E, 0x76, 0x76, 0x76, 0x72, 0x72, 0x72, 0x72, 0x76, 0x76,
    0x76, 0x7A, 0x76, 0x7A, 0x7A, 0x7A, 0x7A, 0x7A, 0x7A, 0x7A, 0x7A, 0x7A, 0x7A, 0x7A, 0x7A, 0x7E,
    0x7E, 0x7E, 0x82, 0x82, 0x82, 0x82, 0x96, 0x7A, 0x6E, 0x9E, 0x8A, 0xAA, 0x66, 0x96, 0x7A, 0x7A,
    0x8A, 0x92, 0xA6, 0x8A, 0xB6, 0x7A, 0x7E, 0x6E, 0x72, 0x8A, 0x7A, 0xA6, 0x92, 0x9E, 0x7A, 0x72,
    0x72, 0x76, 0x82, 0x8E, 0x9E, 0x9E, 0x9E, 0x86, 0x7A, 0x66, 0x76, 0x8A, 0x92, 0xBE, 0xA6, 0xAE,
    0x86, 0x82, 0x7A, 0x72, 0x86, 0x96, 0xB6, 0xA6, 0xAA, 0x8E, 0x7E, 0x7E, 0x72, 0x86, 0x8E, 0x9E,
    0x9E, 0x9E, 0x8E, 0x82, 0x72, 0x72, 0x72, 0x7E, 0x86, 0x86, 0x96, 0x7E, 0x76, 0x72, 0x6A, 0x6A,
    0x6E, 0x7E, 0x76, 0x86, 0x7E, 0x76, 0x72, 0x66, 0x6E, 0x66, 0x6E, 0x76, 0x7A, 0x7E, 0x7A, 0x72,
    0x6E, 0x66, 0x5E, 0x72, 0x62, 0x6E, 0x72, 0x76, 0x76, 0x6E, 0x6A, 0x5E, 0x6A, 0x62, 0x6A, 0x72,
    0x72, 0x7E, 0x72, 0x72, 0x66, 0x5A, 0x62, 0x66, 0x6E, 0x72, 0x7E, 0x7A, 0x7E, 0x72, 0x72, 0x6A,
    0x72, 0x76, 0x7A, 0x8E, 0x8A, 0x92, 0x7E, 0x7E, 0x76, 0x76, 0x86, 0x86, 0x96, 0x96, 0x96, 0x8E,
    0x8A, 0x7E, 0x7A, 0x82, 0x8A, 0x96, 0x96, 0x9E, 0x96, 0x8E, 0x86, 0x7E, 0x82, 0x8A, 0x96, 0x96,
    0x9E, 0x96, 0x96, 0x8E, 0x82, 0x86, 0x8A, 0x96, 0x96, 0x9E, 0x9E, 0x96, 0x8A, 0x82, 0x86, 0x86,
    0x92, 0x92, 0x96, 0x96, 0x8E, 0x8E, 0x7A, 0x7E, 0x76, 0x86, 0x82, 0x8E, 0x8E, 0x86, 0x86, 0x7E,
    0x6A, 0x6A, 0x7E, 0x76, 0x86, 0x82, 0x7E, 0x7A, 0x66, 0x72, 0x6E, 0x76, 0x76, 0x7A, 0x72, 0x6E,
    0x72, 0x6E, 0x72, 0x6E, 0x72, 0x76, 0x6E, 0x72, 0x6E, 0x72, 0x72, 0x76, 0x76, 0x76, 0x72, 0x72,
    0x6E, 0x72, 0x76, 0x7A, 0x7E, 0x7A, 0x7E, 0x76, 0x72, 0x6E, 0x72, 0x76, 0x7A, 0x7E, 0x7E, 0x7E,
    0x7A, 0x72, 0x76, 0x76, 0x7A, 0x7A, 0x82, 0x82, 0x82, 0x7E, 0x76, 0x72, 0x7A, 0x7A, 0x7E, 0x8A,
    0x82, 0x86, 0x7E, 0x82, 0x76, 0x7A, 0x7E, 0x82, 0x8A, 0x8A, 0x8A, 0x8A, 0x82, 0x82, 0x82, 0x86,
    0x8A, 0x8E, 0x92, 0x92, 0x8A, 0x8A, 0x82, 0x82, 0x86, 0x8A, 0x8E, 0x8E, 0x92, 0x8A, 0x86, 0x86,
    0x86, 0x86, 0x86, 0x8A, 0x92, 0x8E, 0x8E, 0x86, 0x82, 0x86, 0x86, 0x8A, 0x8E, 0x92, 0x8A, 0x8A,
    0x8A, 0x82, 0x86, 0x82, 0x8A, 0x86, 0x8E, 0x8A, 0x8A, 0x86, 0x82, 0x82, 0x82, 0x86, 0x86, 0x8A,
    0x86, 0x82, 0x82, 0x7A, 0x7E, 0x7A, 0x7E, 0x7E, 0x82, 0x7E, 0x7E, 0x7A, 0x76, 0x7A, 0x76, 0x7A,
    0x76, 0x7A, 0x76, 0x76, 0x76, 0x76, 0x76, 0x72, 0x76, 0x72, 0x76, 0x72, 0x72, 0x72, 0x72, 0x76,
    0x72, 0x72, 0x72, 0x72, 0x72, 0x72, 0x76, 0x72, 0x76, 0x72, 0x72, 0x72, 0x72, 0x72, 0x72, 0x76,
    0x76, 0x76, 0x72, 0x76, 0x72, 0x72, 0x76, 0x76, 0x76, 0x76, 0x7A, 0x76, 0x7A, 0x7A, 0x7A, 0x7A,
    0x7A, 0x7E, 0x7A, 0x7E, 0x7E, 0x7E, 0x7E, 0x7E, 0x7E, 0x7E, 0x82, 0x82, 0x86, 0x86, 0x86, 0x86,
    0x86, 0x86, 0x86, 0x86, 0x8A, 0x8A, 0x8A, 0x8A, 0x8A, 0x8E, 0x8A, 0x8E, 0x8A, 0x8E, 0x8E, 0x8E,
    0x8E, 0x8E, 0x8E, 0x8E, 0x8A, 0x8A, 0x8A, 0x8A, 0x8A, 0x8E, 0x8E, 0x8E, 0x8A, 0x8A, 0x86, 0x8A,
    0x86, 0x8A, 0x8A, 0x8A, 0x8E, 0x8A, 0x8A, 0x86, 0x86, 0x86, 0x86, 0x8A, 0x8A, 0x8E, 0x8A, 0x86,
    0x86, 0x82, 0x82, 0x82, 0x86, 0x86, 0x86, 0x82, 0x86, 0x7E, 0x7E, 0x7A, 0x7A, 0x7E, 0x7E, 0x7E,
    0x7E, 0x7A, 0x76, 0x76, 0x76, 0x72, 0x76, 0x7A, 0x7A, 0x76, 0x76, 0x72, 0x72, 0x6E, 0x72, 0x76,
    0x76, 0x76, 0x72, 0x76, 0x72, 0x72, 0x72, 0x72, 0x76, 0x76, 0x76, 0x76, 0x76, 0x72, 0x72, 0x72,
    0x72, 0x76, 0x76, 0x76, 0x72, 0x76, 0x72, 0x76, 0x72, 0x76, 0x76, 0x76, 0x7A, 0x76, 0x76, 0x76,
    0x76, 0x7A, 0x76, 0x76, 0x76, 0x7A, 0x7A, 0x7A, 0x7A, 0x7A, 0x7A, 0x7E, 0x7A, 0x7E, 0x7E, 0x7E,
    0x82, 0x82, 0x82, 0x82, 0x82, 0x82, 0x82, 0x86, 0x86, 0x86, 0x8A, 0x8A, 0x8A, 0x86, 0x86, 0x86,
    0x86, 0x86, 0x8A, 0x8A, 0x8A, 0x8A, 0x8A, 0x86, 0x86, 0x8A, 0x8A, 0x8E, 0x8E, 0x8E, 0x8A, 0x8A,
    0x8E, 0x8A, 0x8E, 0x8A, 0x8E, 0x8E, 0x8A, 0x8E, 0x8A, 0x8E, 0x8A, 0x8A, 0x8A, 0x8A, 0x8E, 0x8E,
    0x8A, 0x8A, 0x8A, 0x8A, 0x8A, 0x8A, 0x8A, 0x8A, 0x8A, 0x86, 0x86, 0x86, 0x8A, 0x86, 0x86, 0x86,
    0x86, 0x86, 0x82, 0x82, 0x82, 0x7E, 0x7E, 0x82, 0x7E, 0x7E, 0x7A, 0x7A, 0x76, 0x76, 0x76, 0x7A,
    0x76, 0x76, 0x76, 0x72, 0x72, 0x72, 0x72, 0x72, 0x72, 0x72, 0x72, 0x6E, 0x72, 0x6E, 0x6E, 0x6E,
    0x6E, 0x72, 0x72, 0x6E, 0x6E, 0x6E, 0x6E, 0x6E, 0x6E, 0x6E, 0x6E, 0x72, 0x6E, 0x72, 0x6E, 0x6E,
    0x6E, 0x72, 0x72, 0x72, 0x72, 0x72, 0x72, 0x72, 0x72, 0x72, 0x72, 0x76, 0x76, 0x76, 0x7A, 0x7A,
    0x7A, 0x7A, 0x7A, 0x7A, 0x7E, 0x7E, 0x7E, 0x7E, 0x82, 0x82, 0x82, 0x86, 0x82, 0x86, 0x86, 0x8A,
    0x8A, 0x8A, 0x8A, 0x8E, 0x8E, 0x8E, 0x8E, 0x8E, 0x92, 0x8E, 0x92, 0x92, 0x92, 0x92, 0x8E, 0x92,
    0x8E, 0x92, 0x92, 0x8E, 0x92, 0x92, 0x8E, 0x8E, 0x8E, 0x8E, 0x8E, 0x8E, 0x8E, 0x8E, 0x8E, 0x92,
    0x8E, 0x8E, 0x8A, 0x8E, 0x8A, 0x8A, 0x8E, 0x8E, 0x8E, 0x8A, 0x8A, 0x86, 0x86, 0x86, 0x86, 0x86,
    0x86, 0x86, 0x86, 0x82, 0x7E, 0x7E, 0x7A, 0x7E, 0x7E, 0x7E, 0x7E, 0x7E, 0x7A, 0x76, 0x76, 0x76,
    0x76, 0x76, 0x76, 0x76, 0x76, 0x72, 0x72, 0x72, 0x6E, 0x72, 0x72, 0x72, 0x76, 0x72, 0x72, 0x72,
    0x6E, 0x6E, 0x6E, 0x72, 0x72, 0x72, 0x72, 0x72, 0x72, 0x72, 0x6E, 0x72, 0x72, 0x72, 0x72, 0x76,
    0x76, 0x72, 0x72, 0x72, 0x72, 0x72, 0x72, 0x72, 0x76, 0x76, 0x76, 0x76, 0x72, 0x72, 0x72, 0x76,
    0x76, 0x76, 0x7A, 0x7A, 0x7A, 0x7E, 0x7E, 0x7E, 0x82, 0x82, 0x82, 0x86, 0x86, 0x86, 0x86, 0x86,
    0x8A, 0x86, 0x8A, 0x8A, 0x8A, 0x8A, 0x8A, 0x8A, 0x8A, 0x8A, 0x8A, 0x8A, 0x8A, 0x8A, 0x8A, 0x8A,
    0x8A, 0x8A, 0x8A, 0x8E, 0x8E, 0x8E, 0x8E, 0x8E, 0x8E, 0x8E, 0x8E, 0x8E, 0x8E, 0x8E, 0x8E, 0x8E,
    0x8E, 0x8E, 0x8E, 0x8E, 0x8E, 0x8E, 0x8E, 0x8E, 0x8E, 0x8E, 0x8E, 0x8A, 0x8A, 0x8A, 0x8A, 0x8A,
    0x8A, 0x86, 0x8E, 0xAA, 0x72, 0x66, 0xAE, 0x82, 0xBE, 0x56, 0x96, 0x62, 0x7A, 0x4A, 0x7A, 0xA6,
    0x8E, 0xA6, 0x6E, 0x86, 0x42, 0x52, 0x8E, 0x5E, 0xAE, 0x9E, 0x96, 0x5E, 0x5E, 0x52, 0x56, 0x6A,
    0x7A, 0x8A, 0x96, 0x92, 0x5A, 0x6A, 0x36, 0x52, 0x6A, 0x76, 0xAE, 0x8E, 0x8E, 0x5A, 0x56, 0x56,
    0x42, 0x76, 0x7E, 0x9E, 0x92, 0x8E, 0x72, 0x66, 0x4E, 0x56, 0x7A, 0x76, 0x96, 0x92, 0x9E, 0x7A,
    0x66, 0x5A, 0x52, 0x6E, 0x72, 0x96, 0x96, 0x96, 0x7E, 0x6E, 0x66, 0x56, 0x72, 0x7A, 0x86, 0x9E,
    0x96, 0x8A, 0x82, 0x82, 0x6A, 0x7E, 0x82, 0x86, 0x92, 0x96, 0x96, 0x82, 0x8E, 0x7A, 0x7A, 0x7E,
    0x8A, 0x8A, 0x92, 0x9E, 0x8A, 0x92, 0x8A, 0x86, 0x7E, 0x7E, 0x86, 0x8E, 0x96, 0x9E, 0x9E, 0x92,
    0x92, 0x82, 0x7E, 0x82, 0x8A, 0x8E, 0x96, 0x9E, 0x9E, 0x96, 0x86, 0x7A, 0x76, 0x82, 0x8E, 0x96,
    0x96, 0x9E, 0x96, 0x8A, 0x76, 0x6A, 0x7E, 0x82, 0x8E, 0x92, 0x9E, 0x92, 0x86, 0x76, 0x72, 0x6E,
    0x76, 0x82, 0x8E, 0x92, 0x8E, 0x82, 0x6A, 0x6E, 0x62, 0x6A, 0x76, 0x82, 0x8E, 0x7A, 0x7E, 0x6A,
    0x62, 0x62, 0x62, 0x72, 0x72, 0x82, 0x7A, 0x76, 0x6A, 0x62, 0x62, 0x5E, 0x6A, 0x6E, 0x76, 0x7E,
    0x7A, 0x6A, 0x6A, 0x62, 0x5E, 0x66, 0x62, 0x7A, 0x76, 0x7E, 0x72, 0x72, 0x6A, 0x5A, 0x6E, 0x6A,
    0x7E, 0x72, 0x86, 0x72, 0x76, 0x62, 0x72, 0x7A, 0x72, 0x7E, 0x7E, 0x82, 0x72, 0x7E, 0x82, 0x7E,
    0x82, 0x86, 0x86, 0x7E, 0x86, 0x7E, 0x86, 0x8A, 0x86, 0x8A, 0x8E, 0x8A, 0x8A, 0x86, 0x8A, 0x8E,
    0x92, 0x96, 0x8A, 0x96, 0x8E, 0x8A, 0x86, 0x8A, 0x92, 0x8E, 0x96, 0x96, 0x96, 0x92, 0x8E, 0x8E,
    0x8A, 0x92, 0x96, 0x96, 0x96, 0x96, 0x92, 0x86, 0x86, 0x8A, 0x8A, 0x92, 0x96, 0x92, 0x92, 0x8E,
    0x82, 0x7E, 0x7E, 0x86, 0x8A, 0x8E, 0x92, 0x86, 0x86, 0x7E, 0x76, 0x7A, 0x7A, 0x8A, 0x82, 0x86,
    0x82, 0x7A, 0x72, 0x72, 0x6E, 0x72, 0x7A, 0x7A, 0x7E, 0x72, 0x76, 0x6E, 0x6A, 0x6E, 0x6E, 0x76,
    0x76, 0x7A, 0x6E, 0x72, 0x6E, 0x6A, 0x6E, 0x6E, 0x72, 0x72, 0x72, 0x72, 0x72, 0x6E, 0x6A, 0x6A,
    0x6E, 0x72, 0x72, 0x76, 0x72, 0x76, 0x6E, 0x6E, 0x72, 0x6E, 0x76, 0x72, 0x7A, 0x76, 0x76, 0x76,
    0x72, 0x76, 0x72, 0x7E, 0x7A, 0x7E, 0x7A, 0x7E, 0x7E, 0x7A, 0x7E, 0x7A, 0x82, 0x7E, 0x86, 0x7E,
    0x82, 0x86, 0x82, 0x82, 0x82, 0x8A, 0x82, 0x8A, 0x86, 0x8A, 0x8A, 0x86, 0x8A, 0x86, 0x8A, 0x86,
    0x86, 0x86, 0x8A, 0x8E, 0x8A, 0x8E, 0x86, 0x86, 0x86, 0x86, 0x8A, 0x8A, 0x8A, 0x8E, 0x8A, 0x8A,
    0x8A, 0x8A, 0x8A, 0x8A, 0x8A, 0x8A, 0x8A, 0x8A, 0x8A, 0x8A, 0x86, 0x8A, 0x86, 0x8A, 0x86, 0x86,
    0x86, 0x86, 0x86, 0x86, 0x82, 0x86, 0x82, 0x82, 0x86, 0x86, 0x86, 0x82, 0x86, 0x82, 0x82, 0x7E,
    0x7E, 0x82, 0x82, 0x7E, 0x7E, 0x7E, 0x7E, 0x7A, 0x7E, 0x7A, 0x7A, 0x7A, 0x7A, 0x7A, 0x7A, 0x7A,
    0x7A, 0x76, 0x76, 0x76, 0x76, 0x76, 0x7A, 0x7A, 0x7A, 0x76, 0x76, 0x72, 0x76, 0x72, 0x76, 0x76,
    0x76, 0x76, 0x76, 0x76, 0x72, 0x72, 0x72, 0x72, 0x76, 0x76, 0x7A, 0x76, 0x76, 0x76, 0x72, 0x72,
    0x76, 0x7A, 0x7E, 0x7E, 0x7A, 0x7A, 0x76, 0x76, 0x76, 0x7A, 0x7A, 0x7E, 0x82, 0x7E, 0x7E, 0x7A,
    0x7A, 0x7E, 0x7E, 0x7E, 0x82, 0x82, 0x82, 0x82, 0x7E, 0x7E, 0x7E, 0x82, 0x82, 0x86, 0x86, 0x86,
    0x86, 0x82, 0x82, 0x82, 0x82, 0x8A, 0x8A, 0x8E, 0x8A, 0x8A, 0x8A, 0x86, 0x8A, 0x86, 0x8A, 0x8A,
    0x8A, 0x8A, 0x8A, 0x8A, 0x86, 0x86, 0x86, 0x86, 0x86, 0x8A, 0x8A, 0x8A, 0x8A, 0x8A, 0x86, 0x86,
    0x86, 0x86, 0x86, 0x86, 0x86, 0x8A, 0x86, 0x86, 0x86, 0x86, 0x82, 0x82, 0x82, 0x82, 0x86, 0x82,
    0x82, 0x7E, 0x7E, 0x7A, 0x7A, 0x7E, 0x7E, 0x7E, 0x7E, 0x7E, 0x7A, 0x7A, 0x76, 0x7A, 0x7A, 0x7A,
    0x7A, 0x7A, 0x7A, 0x7A, 0x7A, 0x76, 0x76, 0x76, 0x76, 0x7A, 0x7A, 0x7A, 0x76, 0x76, 0x76, 0x76,
    0x76, 0x76, 0x7A, 0x7A, 0x7A, 0x76, 0x76, 0x7A, 0x7A, 0x7A, 0x7A, 0x7A, 0x7A, 0x7E, 0x7A, 0x7E,
    0x7E, 0x7E, 0x7E, 0x7E, 0x7E, 0x7E, 0x7E, 0x7E, 0x7A, 0x7E, 0x7E, 0x7E, 0x7E, 0x7E, 0x7E, 0x7E,
    0x7E, 0x7E, 0x82, 0x7E, 0x82, 0x82, 0x82, 0x82, 0x7E, 0x82, 0x7E, 0x7E, 0x7E, 0x82, 0x7E, 0x82,
    0x82, 0x7E, 0x82, 0x7E, 0x7E, 0x7E, 0x82, 0x82, 0x82, 0x7E, 0x82, 0x82, 0x82, 0x82, 0x82, 0x82,
    0x86, 0x82, 0x82, 0x82, 0x82, 0x82, 0x82, 0x82, 0x82, 0x82, 0x82, 0x82, 0x82, 0x82, 0x82, 0x82,
    0x7E, 0x82, 0x82, 0x82, 0x82, 0x82, 0x82, 0x7E, 0x82, 0x7E, 0x82, 0x82, 0x82, 0x82, 0x82, 0x82,
    0x82, 0x82, 0x82, 0x82, 0x82, 0x82, 0x82, 0x82, 0x82, 0x82, 0x82, 0x82, 0x82, 0x82, 0x82, 0x82,
    0x82, 0x82, 0x82, 0x82, 0x82, 0x7E, 0x82, 0x82, 0x82, 0x82, 0x82, 0x82, 0x82, 0x7E, 0x82, 0x7E,
    0x82, 0x7E, 0x7E, 0x7E, 0x7E, 0x7E, 0x7E, 0x7E, 0x7E, 0x7A, 0x7E, 0x7E, 0x7E, 0x7E, 0x7E, 0x7A,
    0x7A, 0x7A, 0x7A, 0x7A, 0x7A, 0x7A, 0x7E, 0x7A, 0x7A, 0x7A, 0x7A, 0x7A, 0x76, 0x76, 0x7A, 0x7A,
    0x7E, 0x7A, 0x7A, 0x7A, 0x7A, 0x76, 0x7A, 0x7A, 0x7E, 0x7E, 0x7E, 0x7A, 0x7A, 0x7A, 0x7A, 0x7A,
    0x7A, 0x7E, 0x7E, 0x7E, 0x7E, 0x7E, 0x7E, 0x7A, 0x7E, 0x7E, 0x7E, 0x82, 0x82, 0x82, 0x7E, 0x7E,
    0x7E, 0x7E, 0x7E, 0x7E, 0x82, 0x82, 0x82, 0x82, 0x82, 0x82, 0x82, 0x7A, 0x7E, 0x7E, 0x86, 0x82,
    0x8A, 0x82, 0x86, 0x82, 0x8A, 0x82, 0x86, 0x82, 0x7E, 0x82, 0x86, 0x86, 0x8A, 0x82, 0x86, 0x82,
    0x82, 0x82, 0x82, 0x82, 0x8A, 0x8A, 0x86, 0x82, 0x82, 0x82, 0x82, 0x82, 0x82, 0x86, 0x7E, 0x82,
    0x82, 0x86, 0x82, 0x82, 0x82, 0x82, 0x82, 0x7E, 0x82, 0x82, 0x82, 0x82, 0x82, 0x82, 0x7E, 0x7E,
    0x7E, 0x82, 0x82, 0x7E, 0x7E, 0x82, 0x7E, 0x7E, 0x7E, 0x7E, 0x7E, 0x7E, 0x76, 0x82, 0x82, 0x7E,
    0x7E, 0x7E, 0x76, 0x7A, 0x7A, 0x76, 0x7A, 0x86, 0x82, 0x7E, 0x7A, 0x86, 0x76, 0x7A, 0x7A, 0x72,
    0x76, 0x86, 0x7E, 0x86, 0x76, 0x76, 0x82, 0x7E, 0x92, 0x86, 0x7E, 0x82, 0x7E, 0x86, 0x86, 0x92,
    0xC2, 0x76, 0x1A, 0x8E, 0x92, 0x7A, 0x7E, 0x76, 0x4E, 0x46, 0x5A, 0x72, 0x62, 0xC2, 0x3E, 0x86,
    0xAE, 0x6E, 0xB2, 0xBE, 0x6E, 0x66, 0xCA, 0x36, 0x8E, 0xCA, 0x16, 0x9E, 0x5A, 0x76, 0x9E, 0x36,
    0x8A, 0x66, 0xDA, 0x36, 0xA6, 0x56, 0xF6, 0x2E, 0xBA, 0xBA, 0x1E, 0xC2, 0x46, 0xC2, 0x2E, 0xAA,
    0xA6, 0x36, 0xE6, 0x22, 0x8A, 0xDE, 0x2E, 0xCA, 0x76, 0x72, 0x96, 0x9E, 0x56, 0xDA, 0x5A, 0x7A,
    0x76, 0x96, 0x56, 0xA6, 0x76, 0x3E, 0xE6, 0x4A, 0x6A, 0x7E, 0xB6, 0x42, 0x82, 0x96, 0xBE, 0xA,
    0x7E, 0xCA, 0x42, 0x8A, 0x4E, 0xC2, 0x86, 0x4E, 0xBE, 0x96, 0x72, 0x6A, 0x92, 0xBE, 0x7E, 0x7E,
    0x82, 0x72, 0xBE, 0x86, 0x42, 0x9E, 0x9E, 0x6A, 0x56, 0x56, 0x5E, 0x8A, 0x9E, 0x82, 0x7E, 0x62,
    0x52, 0x92, 0x9E, 0x66, 0x42, 0x76, 0x8E, 0x82, 0x76, 0x5A, 0x4E, 0x5E, 0x72, 0x92, 0x7A, 0x5E,
    0x5E, 0x76, 0x76, 0x82, 0x96, 0x96, 0x9E, 0x62, 0x5E, 0x5E, 0x96, 0x9E, 0x8A, 0x76, 0x5A, 0x86,
    0x76, 0x8E, 0x92, 0x7E, 0x7E, 0x8A, 0x76, 0x8E, 0x72, 0xA6, 0x8E, 0xA6, 0x9E, 0x96, 0x9E, 0xAA,
    0x6A, 0x8E, 0x92, 0x5E, 0x92, 0x8E, 0x62, 0x96, 0x3A, 0x86, 0x62, 0x76, 0x7A, 0x7A, 0x96, 0x5E,
    0x96, 0x52, 0x86, 0x76, 0x96, 0xAE, 0x66, 0xC2, 0x56, 0xA6, 0x7A, 0x86, 0x9E, 0x86, 0xBA, 0x86,
    0x96, 0xBA, 0x82, 0xB2, 0x8E, 0x7E, 0x9E, 0x62, 0x6E, 0x92, 0x7E, 0x62, 0x96, 0x7A, 0x7A, 0x8E,
    0x6E, 0x5A, 0x7E, 0x6E, 0x52, 0x7A, 0x86, 0x66, 0x6E, 0x82, 0x72, 0x4E, 0x6A, 0x6A, 0x62, 0x5E,
    0x6A, 0x72, 0x72, 0x72, 0x7A, 0x86, 0x7E, 0x72, 0x7E, 0x86, 0x7E, 0x72, 0x76, 0x7A, 0x7A, 0x72,
    0x6A, 0x6A, 0x6E, 0x6A, 0x6A, 0x6A, 0x76, 0x7A, 0x76, 0x86, 0x7E, 0x76, 0x8A, 0x82, 0x86, 0x8A,
    0x86, 0x8A, 0x92, 0x96, 0x96, 0x8A, 0x8E, 0x8E, 0x96, 0x96, 0x96, 0x96, 0x96, 0x96, 0xAA, 0xAA,
    0xB6, 0xB2, 0xAA, 0x9E, 0x9E, 0x96, 0x96, 0xA6, 0x9E, 0x9E, 0x96, 0x92, 0x96, 0x9E, 0x9E, 0x96,
    0x92, 0x86, 0x7A, 0x7E, 0x7A, 0x76, 0x76, 0x6E, 0x62, 0x62, 0x5E, 0x5A, 0x5E, 0x66, 0x52, 0x52,
    0x62, 0x5E, 0x5E, 0x5A, 0x5E, 0x5A, 0x62, 0x56, 0x5E, 0x5A, 0x4E, 0x56, 0x4E, 0x4E, 0x4E, 0x5E,
    0x5E, 0x62, 0x6A, 0x6E, 0x6A, 0x72, 0x7A, 0x7A, 0x86, 0x86, 0x82, 0x8A, 0x8E, 0x8A, 0x86, 0x7E,
    0x82, 0x7A, 0x76, 0x82, 0x8E, 0x8E, 0x96, 0x9E, 0x9E, 0xA6, 0xAA, 0xAA, 0xAE, 0xA6, 0xA6, 0xA6,
    0x9E, 0x9E, 0x96, 0x96, 0x96, 0x92, 0x92, 0x8E, 0x8A, 0x8E, 0x8E, 0x8E, 0x96, 0x96, 0x96, 0x96,
    0x9E, 0x9E, 0x96, 0x92, 0x8A, 0x82, 0x7A, 0x72, 0x6E, 0x66, 0x5A, 0x56, 0x5A, 0x5A, 0x5A, 0x5A,
    0x5E, 0x62, 0x62, 0x66, 0x6A, 0x6A, 0x6E, 0x72, 0x6E, 0x6A, 0x72, 0x76, 0x76, 0x72, 0x72, 0x6E,
    0x6A, 0x6A, 0x6E, 0x6E, 0x72, 0x72, 0x6E, 0x7A, 0x82, 0x86, 0x8A, 0x8E, 0x96, 0x9E, 0x96, 0x96,
    0x96, 0x96, 0x92, 0x92, 0x8A, 0x8A, 0x82, 0x82, 0x7E, 0x86, 0x7E, 0x7A, 0x76, 0x7E, 0x7E, 0x82,
    0x86, 0x8A, 0x8E, 0x8A, 0x8A, 0x8E, 0x8E, 0x92, 0x92, 0x92, 0x8E, 0x92, 0x96, 0x92, 0x96, 0x8E,
    0x8A, 0x8A, 0x86, 0x7A, 0x76, 0x76, 0x72, 0x72, 0x76, 0x7A, 0x7E, 0x7A, 0x82, 0x86, 0x8A, 0x7E,
    0x82, 0x82, 0x7E, 0x7A, 0x7E, 0x7A, 0x6E, 0x66, 0x62, 0x66, 0x62, 0x66, 0x66, 0x5E, 0x52, 0x62,
    0x6E, 0x72, 0x76, 0x7A, 0x7A, 0x7E, 0x7E, 0x7E, 0x7E, 0x7E, 0x76, 0x76, 0x72, 0x72, 0x72, 0x72,
    0x72, 0x72, 0x6E, 0x6E, 0x6E, 0x76, 0x7E, 0x7E, 0x82, 0x8A, 0x86, 0x86, 0x8E, 0x8A, 0x8E, 0x8E,
    0x8A, 0x86, 0x86, 0x86, 0x8E, 0x92, 0x8E, 0x92, 0x96, 0x96, 0x9E, 0x9E, 0x9E, 0x9E, 0xA6, 0xAA,
    0xA6, 0xAE, 0xA6, 0xA6, 0xA6, 0x9E, 0x96, 0x96, 0x96, 0x92, 0x8A, 0x86, 0x7E, 0x82, 0x76, 0x72,
    0x76, 0x7A, 0x7A, 0x76, 0x72, 0x76, 0x76, 0x76, 0x6E, 0x6A, 0x66, 0x66, 0x62, 0x66, 0x66, 0x5E,
    0x62, 0x66, 0x66, 0x5E, 0x66, 0x6E, 0x6E, 0x66, 0x6A, 0x72, 0x72, 0x7A, 0x7A, 0x7A, 0x7E, 0x82,
    0x7E, 0x8A, 0x82, 0x86, 0x86, 0x82, 0x82, 0x82, 0x82, 0x82, 0x82, 0x82, 0x7E, 0x82, 0x82, 0x72,
    0x76, 0x6E, 0x7A, 0x7A, 0x7E, 0x7A, 0x76, 0x82, 0x7A, 0x76, 0x72, 0x76, 0x76, 0x76, 0x7E, 0x7A,
    0x7A, 0x82, 0x7A, 0x76, 0x7A, 0x82, 0x82, 0x82, 0x8A, 0x86, 0x86, 0x82, 0x8E, 0x92, 0x96, 0x92,
    0x92, 0x8E, 0x8E, 0x8A, 0x8A, 0x8A, 0x86, 0x86, 0x8A, 0x86, 0x82, 0x7E, 0x82, 0x82, 0x7E, 0x7A,
    0x76, 0x7A, 0x7A, 0x7E, 0x7A, 0x7A, 0x7A, 0x7E, 0x7E, 0x82, 0x86, 0x86, 0x86, 0x86, 0x7E, 0x82,
    0x8A, 0x8E, 0x92, 0x8E, 0x8E, 0x92, 0x8E, 0x92, 0x8E, 0x8A, 0x8A, 0x8A, 0x8A, 0x82, 0x86, 0x7E,
    0x7A, 0x7A, 0x7A, 0x7A, 0x7A, 0x7A, 0x7E, 0x7E, 0x7A, 0x82, 0x7E, 0x7A, 0x76, 0x7A, 0x7E, 0x7A,
    0x76, 0x76, 0x76, 0x76, 0x7A, 0x7E, 0x7A, 0x76, 0x7A, 0x7A, 0x7A, 0x7A, 0x82, 0x82, 0x7E, 0x7E,
    0x7E, 0x7E, 0x82, 0x7E, 0x7E, 0x82, 0x7E, 0x7E, 0x7E, 0x7E, 0x7E, 0x7A, 0x7A, 0x76, 0x76, 0x72,
    0x6E, 0x6E, 0x6A, 0x6A, 0x66, 0x66, 0x66, 0x62, 0x62, 0x62, 0x62, 0x66, 0x66, 0x6A, 0x6A, 0x6E,
    0x6E, 0x72, 0x76, 0x76, 0x7A, 0x7A, 0x7E, 0x7E, 0x82, 0x82, 0x86, 0x86, 0x8A, 0x8E, 0x8E, 0x92,
    0x96, 0x96, 0x96, 0x96, 0x96, 0x9E, 0x9E, 0x9E, 0x9E, 0x9E, 0x9E, 0x9E, 0x9E, 0x9E, 0x9E, 0x9E,
    0x9E, 0x9E, 0x96, 0x96, 0x9E, 0xE, 0x4A, 0xBE, 0xCA, 0xCA, 0xBE, 0xBA, 0xAE, 0xA6, 0x9E, 0x96,
    0x96, 0x7E, 0x7A, 0x3E, 0x32, 0xA, 0x6, 0x2A, 0x1A, 0x4A, 0x32, 0x4E, 0x36, 0x3A, 0x46, 0x4E,
    0x66, 0x7A, 0x9E, 0xAE, 0xC2, 0xAA, 0xB2, 0xA6, 0xC2, 0xCA, 0xDE, 0xE6, 0xD6, 0xCA, 0xB6, 0xA6,
    0x96, 0x82, 0x8A, 0x86, 0x8A, 0x7E, 0x72, 0x5E, 0x5E, 0x42, 0x3E, 0x4E, 0x42, 0x52, 0x4A, 0x52,
    0x3A, 0x32, 0x2E, 0x3A, 0x46, 0x4E, 0x56, 0x5E, 0x62, 0x66, 0x6A, 0x6E, 0x6E, 0x72, 0x76, 0x76,
    0x76, 0x7A, 0x7A, 0x7A, 0x7A, 0x7E, 0x7E, 0x82, 0x86, 0x96, 0x9E, 0x9E, 0x9E, 0xA6, 0x96, 0xA6,
    0xA6, 0xAE, 0xAE, 0xB6, 0xBE, 0xB2, 0xB6, 0xB2, 0xB2, 0xAA, 0xAE, 0xB2, 0xBA, 0xBA, 0xC2, 0xBA,
    0xB2, 0xAA, 0x9E, 0x96, 0x96, 0x92, 0x92, 0x8E, 0x8A, 0x8A, 0x86, 0x86, 0x7E, 0x76, 0x76, 0x7A,
    0x76, 0x72, 0x72, 0x6A, 0x5E, 0x5A, 0x4E, 0x5A, 0x56, 0x56, 0x56, 0x62, 0x5A, 0x52, 0x4A, 0x4A,
    0x46, 0x4A, 0x52, 0x5A, 0x5A, 0x5A, 0x52, 0x42, 0x46, 0x4A, 0x52, 0x5A, 0x5E, 0x66, 0x66, 0x6A,
    0x6E, 0x72, 0x72, 0x76, 0x76, 0x7A, 0x7A, 0x7A, 0x7A, 0x7A, 0x7E, 0x7E, 0x7E, 0x7E, 0x82, 0x8E,
    0x96, 0x96, 0x92, 0x96, 0x92, 0x92, 0x96, 0x96, 0xA6, 0xAA, 0xAE, 0xAA, 0xA6, 0x9E, 0x96, 0xA6,
    0x9E, 0xB6, 0x9E, 0xB2, 0x9E, 0xA6, 0x96, 0x9E, 0xA6, 0x96, 0xAE, 0x9E, 0x9E, 0x92, 0x96, 0xA6,
    0x92, 0x96, 0x92, 0x96, 0x86, 0x8A, 0x86, 0x86, 0x86, 0x82, 0x86, 0x82, 0x7E, 0x76, 0x72, 0x72,
    0x76, 0x7A, 0x7A, 0x72, 0x76, 0x6E, 0x66, 0x66, 0x66, 0x6A, 0x6A, 0x6E, 0x6E, 0x6A, 0x6A, 0x62,
    0x66, 0x62, 0x66, 0x6A, 0x6E, 0x6E, 0x6A, 0x6A, 0x62, 0x5E, 0x62, 0x66, 0x66, 0x6E, 0x6A, 0x6A,
    0x66, 0x5E, 0x5E, 0x5E, 0x62, 0x66, 0x6A, 0x6E, 0x66, 0x66, 0x62, 0x66, 0x6A, 0x6A, 0x76, 0x76,
    0x7A, 0x7A, 0x7A, 0x7A, 0x7A, 0x7A, 0x7E, 0x86, 0x8A, 0x92, 0x8A, 0x8E, 0x8E, 0x8E, 0x92, 0x92,
    0x96, 0x96, 0x9E, 0x96, 0x96, 0x96, 0x96, 0x96, 0x96, 0x96, 0x96, 0x96, 0x96, 0x96, 0x96, 0x96,
    0x96, 0x96, 0x96, 0x9E, 0x9E, 0x9E, 0x9E, 0x96, 0x96, 0x96, 0x96, 0x9E, 0x96, 0x9E, 0x96, 0x9E,
    0x96, 0x92, 0x96, 0x92, 0x96, 0x92, 0x92, 0x92, 0x8E, 0x8A, 0x86, 0x86, 0x7E, 0x82, 0x7E, 0x7E,
    0x76, 0x76, 0x76, 0x72, 0x6E, 0x6A, 0x6E, 0x66, 0x6A, 0x66, 0x66, 0x66, 0x66, 0x66, 0x66, 0x66,
    0x66, 0x66, 0x66, 0x66, 0x6A, 0x6A, 0x6A, 0x6A, 0x6A, 0x6A, 0x6A, 0x6E, 0x6A, 0x6E, 0x6E, 0x6E,
    0x6A, 0x6E, 0x6A, 0x6A, 0x6A, 0x6A, 0x6A, 0x6A, 0x6A, 0x6A, 0x6A, 0x66, 0x66, 0x66, 0x66, 0x6A,
    0x6A, 0x6E, 0x6A, 0x6E, 0x6E, 0x6E, 0x72, 0x72, 0x76, 0x76, 0x7A, 0x7E, 0x7E, 0x82, 0x82, 0x82,
    0x86, 0x86, 0x8A, 0x8A, 0x8E, 0x8E, 0x8E, 0x92, 0x8E, 0x92, 0x8E, 0x92, 0x8E, 0x92, 0x92, 0x96,
    0x96, 0x96, 0x96, 0x96, 0x92, 0x96, 0x96, 0x96, 0x96, 0x96, 0x96, 0x96, 0x96, 0x96, 0x96, 0x96,
    0x96, 0x96, 0x9E, 0x96, 0x96, 0x96, 0x96, 0x96, 0x96, 0x96, 0x96, 0x96, 0x96, 0x8E, 0x8E, 0x8A,
    0x8A, 0x8A, 0x8A, 0x8A, 0x86, 0x82, 0x82, 0x7A, 0x7E, 0x7A, 0x7A, 0x7A, 0x7A, 0x7A, 0x76, 0x72,
    0x6E, 0x6E, 0x6E, 0x6E, 0x6E, 0x6E, 0x6E, 0x6A, 0x6A, 0x6A, 0x6A, 0x66, 0x6A, 0x6A, 0x6E, 0x6E,
    0x6A, 0x6E, 0x6A, 0x6A, 0x6A, 0x6A, 0x6E, 0x6E, 0x72, 0x6E, 0x6E, 0x6E, 0x6E, 0x6E, 0x6E, 0x6E,
    0x6E, 0x72, 0x6E, 0x72, 0x6E, 0x72, 0x6E, 0x6E, 0x72, 0x72, 0x72, 0x72, 0x76, 0x72, 0x72, 0x76,
    0x72, 0x76, 0x76, 0x76, 0x7A, 0x7A, 0x7A, 0x7A, 0x7A, 0x7A, 0x7A, 0x7E, 0x7E, 0x7E, 0x82, 0x82,
    0x86, 0x86, 0x86, 0x86, 0x86, 0x8A, 0x8A, 0x8E, 0x8E, 0x8E, 0x8E, 0x8E, 0x8E, 0x8E, 0x92, 0x92,
    0x92, 0x92, 0x96, 0x92, 0x92, 0x92, 0x92, 0x96, 0x92, 0x96, 0x96, 0x96, 0x92, 0x96, 0x92, 0x96,
    0x92, 0x96, 0x92, 0x96, 0x96, 0x92, 0x92, 0x92, 0x92, 0x92, 0x92, 0x8E, 0x8E, 0x8E, 0x8E, 0x8E,
    0x8A, 0x8A, 0x8E, 0x8A, 0x86, 0x86, 0x86, 0x82, 0x82, 0x82, 0x82, 0x7E, 0x7E, 0x7A, 0x7A, 0x7A,
    0x76, 0x76, 0x72, 0x72, 0x72, 0x6E, 0x6E, 0x6E, 0x6A, 0x6A, 0x6A, 0x6A, 0x6A, 0x6A, 0x6A, 0x6A,
    0x6A, 0x6A, 0x6A, 0x6A, 0x6A, 0x6E, 0x6E, 0x6E, 0x6E, 0x6E, 0x6E, 0x6E, 0x6E, 0x6E, 0x6E, 0x72,
    0x72, 0x72, 0x72, 0x6E, 0x6E, 0x6E, 0x6E, 0x72, 0x6E, 0x72, 0x6E, 0x6E, 0x6E, 0x6E, 0x72, 0x6E,
    0x72, 0x72, 0x76, 0x76, 0x76, 0x76, 0x76, 0x7A, 0x7A, 0x7E, 0x7E, 0x82, 0x82, 0x86, 0x86, 0x86,
    0x8A, 0x8A, 0x8E, 0x8E, 0x8E, 0x92, 0x92, 0x92, 0x92, 0x92, 0x92, 0x92, 0x96, 0x96, 0x96, 0x96,
    0x96, 0x96, 0x96, 0x92, 0x96, 0x96, 0x96, 0x96, 0x96, 0x96, 0x96, 0x96, 0x96, 0x96, 0x96, 0x96,
    0x96, 0x96, 0x96, 0x96, 0x92, 0x92, 0x92, 0x92, 0x92, 0x92, 0x92, 0x92, 0x8E, 0x8E, 0x8E, 0x8A,
    0x8A, 0x8A, 0x86, 0x86, 0x86, 0x82, 0x82, 0x7E, 0x7E, 0x7A, 0x7A, 0x76, 0x76, 0x76, 0x76, 0x72,
    0x72, 0x6E, 0x6E, 0x6A, 0x6A, 0x6A, 0x6A, 0x6E, 0x6A, 0x6A, 0x6A, 0x66, 0x66, 0x66, 0x66, 0x6A,
    0x6A, 0x6A, 0x6A, 0x6A, 0x6A, 0x6A, 0x6A, 0x6A, 0x6E, 0x6E, 0x72, 0x6E, 0x72, 0x6E, 0x6E, 0x6E,
    0x6E, 0x6E, 0x72, 0x72, 0x72, 0x72, 0x6E, 0x6E, 0x6E, 0x6E, 0x72, 0x72, 0x72, 0x76, 0x76, 0x76,
    0x76, 0x76, 0x76, 0x76, 0x7A, 0x7A, 0x7E, 0x7E, 0x7E, 0x7E, 0x82, 0x82, 0x82, 0x86, 0x86, 0x8A,
    0x8A, 0x8E, 0x8E, 0x8E, 0x92, 0x92, 0x92, 0x92, 0x92, 0x96, 0x96, 0x96, 0x96, 0x92, 0x96, 0x92,
    0x96, 0x92, 0x92, 0x92, 0x92, 0x92, 0x92, 0x92, 0x92, 0x8E, 0x8E, 0x92, 0x92, 0x92, 0x92, 0x92,
    0x92, 0x92, 0x92, 0x92, 0x92, 0x92, 0x92, 0x92, 0x92, 0x92, 0x92, 0x92, 0x92, 0x92, 0x92, 0x8E,
    0x8E, 0x8E, 0x8A, 0x8E, 0xAA, 0x72, 0x66, 0xAA, 0x8A, 0xA6, 0x62, 0x8A, 0x66, 0x6E, 0x66, 0x7E,
    0x96, 0x82, 0x8A, 0x5A, 0x6A, 0x4A, 0x4E, 0x86, 0x66, 0x96, 0x7E, 0x82, 0x66, 0x5A, 0x46, 0x52,
    0x6A, 0x6E, 0x8E, 0x7A, 0x76, 0x62, 0x52, 0x4E, 0x4E, 0x6E, 0x76, 0x9E, 0x82, 0x7E, 0x66, 0x52,
    0x56, 0x4E, 0x6A, 0x7A, 0x8E, 0x8E, 0x72, 0x5A, 0x62, 0x52, 0x56, 0x5E, 0x7E, 0x92, 0x8A, 0x72,
    0x6E, 0x5E, 0x5E, 0x62, 0x6E, 0x82, 0x82, 0x96, 0x7E, 0x7A, 0x72, 0x72, 0x76, 0x7A, 0x92, 0x8E,
    0x9E, 0x96, 0x8A, 0x8E, 0x86, 0x8A, 0x82, 0x92, 0x96, 0x9E, 0x9E, 0x9E, 0x96, 0x8E, 0x8A, 0x82,
    0x92, 0x8A, 0x92, 0x9E, 0x9E, 0x9E, 0x92, 0x92, 0x86, 0x92, 0x8E, 0x92, 0x96, 0x9E, 0xA6, 0x96,
    0x96, 0x86, 0x7E, 0x8A, 0x8E, 0x96, 0x9E, 0xA6, 0x9E, 0x9E, 0x8E, 0x86, 0x82, 0x82, 0x96, 0x96,
    0x9E, 0x9E, 0x96, 0x8E, 0x7A, 0x72, 0x7E, 0x7E, 0x8A, 0x92, 0x8E, 0x8A, 0x82, 0x6E, 0x6A, 0x6E,
    0x72, 0x7A, 0x7E, 0x86, 0x7E, 0x76, 0x62, 0x5E, 0x5E, 0x6A, 0x6E, 0x72, 0x7A, 0x72, 0x72, 0x66,
    0x5E, 0x62, 0x5E, 0x6A, 0x6A, 0x72, 0x72, 0x72, 0x62, 0x5A, 0x5E, 0x5E, 0x6A, 0x6A, 0x72, 0x72,
    0x6E, 0x6A, 0x5E, 0x62, 0x5E, 0x66, 0x66, 0x72, 0x76, 0x6E, 0x72, 0x6A, 0x5E, 0x5A, 0x76, 0x6A,
    0x82, 0x7E, 0x7E, 0x76, 0x6A, 0x72, 0x72, 0x7E, 0x7A, 0x86, 0x7A, 0x82, 0x82, 0x7E, 0x8A, 0x82,
    0x8E, 0x8E, 0x8A, 0x8E, 0x8A, 0x8E, 0x92, 0x96, 0x96, 0x96, 0x92, 0x96, 0x8E, 0x96, 0x96, 0x9E,
    0x9E, 0x96, 0x9E, 0x96, 0x96, 0x8E, 0x92, 0x96, 0x96, 0x9E, 0x96, 0x9E, 0x96, 0x92, 0x92, 0x92,
    0x96, 0x96, 0x9E, 0x9E, 0x96, 0x96, 0x8E, 0x8E, 0x92, 0x8E, 0x96, 0x96, 0x96, 0x96, 0x92, 0x8A,
    0x86, 0x86, 0x8A, 0x8E, 0x92, 0x92, 0x8A, 0x86, 0x7E, 0x76, 0x7A, 0x76, 0x82, 0x7E, 0x7E, 0x7A,
    0x72, 0x72, 0x6E, 0x6A, 0x6E, 0x6E, 0x6E, 0x76, 0x6A, 0x6A, 0x66, 0x66, 0x66, 0x62, 0x6A, 0x6A,
    0x6A, 0x66, 0x66, 0x62, 0x62, 0x66, 0x62, 0x6A, 0x6A, 0x6A, 0x6A, 0x66, 0x66, 0x66, 0x62, 0x6A,
    0x6A, 0x6A, 0x6E, 0x6E, 0x72, 0x6A, 0x6A, 0x6A, 0x6A, 0x72, 0x6E, 0x76, 0x72, 0x72, 0x76, 0x6A,
    0x72, 0x72, 0x7A, 0x76, 0x7A, 0x7A, 0x7A, 0x7A, 0x7A, 0x7E, 0x7E, 0x82, 0x82, 0x86, 0x82, 0x86,
    0x86, 0x86, 0x8A, 0x8A, 0x8E, 0x86, 0x8E, 0x8E, 0x92, 0x92, 0x8E, 0x92, 0x8E, 0x92, 0x8E, 0x92,
    0x92, 0x92, 0x96, 0x92, 0x96, 0x92, 0x92, 0x92, 0x92, 0x96, 0x92, 0x96, 0x96, 0x92, 0x92, 0x92,
    0x92, 0x92, 0x92, 0x92, 0x92, 0x92, 0x92, 0x92, 0x8E, 0x8E, 0x8E, 0x8E, 0x8E, 0x8E, 0x8E, 0x8E,
    0x8E, 0x8A, 0x8E, 0x8A, 0x8A, 0x86, 0x86, 0x8A, 0x86, 0x86, 0x86, 0x82, 0x82, 0x7E, 0x7E, 0x7E,
    0x7E, 0x7A, 0x7A, 0x7A, 0x76, 0x76, 0x76, 0x76, 0x72, 0x72, 0x72, 0x72, 0x72, 0x6E, 0x72, 0x6E,
    0x6E, 0x6A, 0x6A, 0x6A, 0x6A, 0x6E, 0x6E, 0x6E, 0x6E, 0x6A, 0x6A, 0x6A, 0x66, 0x6E, 0x6E, 0x6E,
    0x6E, 0x6E, 0x6E, 0x6A, 0x6A, 0x6E, 0x6A, 0x6E, 0x72, 0x72, 0x72, 0x6E, 0x72, 0x6E, 0x6E, 0x72,
    0x72, 0x76, 0x76, 0x76, 0x76, 0x72, 0x72, 0x72, 0x76, 0x76, 0x7A, 0x7A, 0x7E, 0x7A, 0x7A, 0x7A,
    0x7A, 0x7E, 0x7E, 0x82, 0x86, 0x86, 0x82, 0x86, 0x82, 0x82, 0x86, 0x86, 0x8E, 0x8E, 0x8E, 0x8E,
    0x8E, 0x8E, 0x8E, 0x8E, 0x92, 0x92, 0x92, 0x92, 0x92, 0x92, 0x92, 0x92, 0x92, 0x92, 0x92, 0x92,
    0x96, 0x92, 0x92, 0x92, 0x92, 0x92, 0x92, 0x92, 0x8E, 0x92, 0x92, 0x92, 0x92, 0x8E, 0x8E, 0x8E,
    0x8A, 0x8E, 0x8E, 0x8E, 0x8E, 0x8E, 0x8A, 0x8A, 0x8A, 0x86, 0x86, 0x86, 0x86, 0x86, 0x82, 0x86,
    0x82, 0x7E, 0x7E, 0x7A, 0x7E, 0x7A, 0x7E, 0x7E, 0x7A, 0x76, 0x76, 0x72, 0x72, 0x72, 0x72, 0x72,
    0x72, 0x72, 0x72, 0x6E, 0x6E, 0x6E, 0x6E, 0x6E, 0x72, 0x6E, 0x6E, 0x6E, 0x6E, 0x6E, 0x6E, 0x6E,
    0x6E, 0x6E, 0x6E, 0x6E, 0x6E, 0x6E, 0x72, 0x6E, 0x6E, 0x72, 0x6E, 0x72, 0x72, 0x6E, 0x72, 0x72,
    0x72, 0x76, 0x72, 0x76, 0x76, 0x76, 0x76, 0x76, 0x76, 0x7A, 0x7A, 0x7A, 0x7A, 0x7A, 0x7E, 0x7E,
    0x7E, 0x7E, 0x7E, 0x82, 0x82, 0x82, 0x82, 0x82, 0x82, 0x82, 0x82, 0x82, 0x86, 0x82, 0x86, 0x86,
    0x86, 0x86, 0x86, 0x86, 0x86, 0x8A, 0x8A, 0x8A, 0x8A, 0x8A, 0x8A, 0x8A, 0x8A, 0x8E, 0x8A, 0x8E,
    0x8E, 0x8E, 0x8E, 0x8A, 0x8A, 0x8E, 0x8E, 0x8E, 0x8E, 0x8E, 0x8E, 0x8E, 0x8E, 0x8E, 0x8E, 0x8A,
    0x8A, 0x8A, 0x8A, 0x8A, 0x8A, 0x86, 0x8A, 0x86, 0x8A, 0x86, 0x8A, 0x86, 0x86, 0x86, 0x86, 0x86,
    0x86, 0x86, 0x86, 0x86, 0x86, 0x86, 0x86, 0x86, 0x82, 0x82, 0x82, 0x82, 0x82, 0x82, 0x82, 0x82,
    0x7E, 0x7E, 0x7E, 0x7A, 0x7A, 0x7A, 0x7A, 0x7A, 0x7A, 0x7A, 0x76, 0x7A, 0x76, 0x76, 0x76, 0x76,
    0x76, 0x76, 0x76, 0x72, 0x72, 0x72, 0x72, 0x72, 0x72, 0x72, 0x72, 0x72, 0x72, 0x72, 0x72, 0x72,
    0x72, 0x72, 0x72, 0x72, 0x76, 0x76, 0x76, 0x72, 0x72, 0x72, 0x72, 0x72, 0x72, 0x76, 0x72, 0x76,
    0x76, 0x72, 0x72, 0x72, 0x72, 0x76, 0x76, 0x7A, 0x7A, 0x7A, 0x7A, 0x76, 0x76, 0x76, 0x7A, 0x7A,
    0x7E, 0x7E, 0x7E, 0x82, 0x7E, 0x82, 0x7E, 0x7E, 0x82, 0x86, 0x86, 0x86, 0x86, 0x8A, 0x86, 0x86,
    0x86, 0x86, 0x8A, 0x8E, 0x8E, 0x8E, 0x8E, 0x8A, 0x8E, 0x8A, 0x8A, 0x8E, 0x8E, 0x8E, 0x8E, 0x8E,
    0x8E, 0x8E, 0x8E, 0x8E, 0x8E, 0x8E, 0x8A, 0x8E, 0x8E, 0x8A, 0x8A, 0x8A, 0x8A, 0x8E, 0x8A, 0x8E,
    0x8A, 0x8A, 0x8A, 0x86, 0x8E, 0x92, 0x8E, 0x8A, 0x8A, 0x8A, 0x8E, 0x8A, 0x82, 0x82, 0x8A, 0x8E,
    0x86, 0x86, 0x7E, 0x72, 0x82, 0x6E, 0x56, 0x62, 0x7E, 0x8A, 0x8A, 0x76, 0x7E, 0x82, 0x8A, 0x62,
    0x2A, 0x5A, 0x92, 0x92, 0xCA, 0x92, 0xAE, 0x5E, 0xB6, 0xA, 0xBE, 0x56, 0x3E, 0x3E, 0xA, 0x8E,
    0x82, 0x12, 0x66, 0x2E, 0x5E, 0x42, 0xA6, 0x46, 0xFE, 0x86, 0xFE, 0xCA, 0x7E, 0xEE, 0xDA, 0x8E,
    0x86, 0x72, 0xA6, 0x2, 0x6A, 0x12, 0x16, 0x76, 0x2A, 0xCA, 0x8E, 0xEA, 0x42, 0xEE, 0x8E, 0x5E,
    0x32, 0x2A, 0x72, 0x5A, 0x42, 0x66, 0x52, 0x5E, 0x66, 0x66, 0x7A, 0x76, 0xAA, 0xC2, 0xB6, 0x96,
    0xC2, 0xAE, 0xBE, 0x96, 0x7E, 0x4A, 0xEA, 0x9E, 0xBA, 0x92, 0xB2, 0xEE, 0x66, 0x92, 0xAA, 0x5A,
    0x4A, 0x26, 0x86, 0x3E, 0x7A, 0x96, 0x86, 0x5E, 0x8A, 0x6A, 0x96, 0x3E, 0x72, 0xAA, 0x7A, 0x7A,
    0x76, 0x72, 0x92, 0x76, 0x9E, 0x62, 0xCA, 0xBE, 0xCA, 0xDE, 0x82, 0xE6, 0xBE, 0xCA, 0x36, 0xCA,
    0x1E, 0xB6, 0xAE, 0x82, 0x8E, 0x3E, 0xC2, 0x66, 0x96, 0x4A, 0x9E, 0x72, 0x56, 0xB6, 0x82, 0x72,
    0x2A, 0x66, 0x82, 0x22, 0x66, 0x66, 0x1E, 0x7A, 0x7E, 0x86, 0x9E, 0xC2, 0x42, 0xBE, 0x2A, 0xAE,
    0x92, 0x86, 0x96, 0x96, 0x56, 0xB2, 0x46, 0x92, 0x76, 0x8E, 0x5A, 0x9E, 0x82, 0x86, 0x32, 0x8A,
    0x3E, 0x9E, 0x3E, 0x62, 0x4A, 0x6A, 0x7E, 0x76, 0x3A, 0x7E, 0x4E, 0x52, 0x86, 0x42, 0x66, 0x66,
    0x62, 0x82, 0x6E, 0x5E, 0x9E, 0x5A, 0x82, 0x92, 0x76, 0x96, 0xB6, 0x8E, 0x72, 0xB6, 0x9E, 0x8A,
    0x8E, 0x96, 0xAA, 0x32, 0xD6, 0x96, 0x56, 0xAA, 0x96, 0x5A, 0x62, 0x62, 0x82, 0x6A, 0x6E, 0x5E,
    0xA6, 0x52, 0x96, 0xB6, 0x4E, 0x9E, 0x76, 0x7A, 0x8E, 0x72, 0x96, 0x66, 0x96, 0x72, 0x9E, 0x92,
    0x6A, 0x8A, 0xAA, 0x82, 0xB2, 0x8A, 0x8E, 0x96, 0xAA, 0x4E, 0xAE, 0x66, 0xAA, 0x6A, 0x76, 0x72,
    0xBA, 0x66, 0x9E, 0x82, 0x86, 0x3E, 0xBA, 0x46, 0x8A, 0x52, 0x7A, 0x96, 0x46, 0x86, 0x5A, 0x8E,
    0x92, 0x7A, 0xB6, 0x52, 0x96, 0xAA, 0x52, 0xBA, 0x92, 0x42, 0x96, 0x6E, 0x82, 0x9E, 0x9E, 0x7A,
    0xA6, 0x56, 0x9E, 0x86, 0x76, 0x92, 0x76, 0x7A, 0x6E, 0x7E, 0x6A, 0x7A, 0x56, 0x7E, 0x4E, 0x76,
    0x82, 0x3E, 0x62, 0x66, 0x62, 0x5E, 0x36, 0x62, 0x62, 0x56, 0x62, 0x7A, 0x7E, 0x7A, 0x96, 0x6E,
    0x96, 0xA6, 0x66, 0x82, 0x9E, 0xA6, 0x62, 0x6A, 0x86, 0x76, 0x6A, 0x56, 0x7A, 0x8A, 0x42, 0x7E,
    0x72, 0x92, 0x3A, 0x72, 0x5E, 0x96, 0x7E, 0x7A, 0x62, 0x72, 0x66, 0x7E, 0x5A, 0x92, 0x6E, 0x86,
    0x52, 0x86, 0x7A, 0x7E, 0x8A, 0x76, 0x76, 0x72, 0x66, 0xB6, 0xB2, 0xAE, 0x96, 0xB2, 0x96, 0xB2,
    0xAA, 0x6E, 0xBA, 0x82, 0x5E, 0x82, 0x56, 0xAE, 0x7E, 0x96, 0x6E, 0x92, 0x7E, 0x8A, 0x86, 0x8E,
    0x8E, 0x5E, 0xA6, 0x4A, 0xBA, 0x62, 0x8A, 0x6E, 0xAA, 0xA6, 0x8E, 0x9E, 0x86, 0x8E, 0x92, 0x92,
    0x62, 0x9E, 0x96, 0x82, 0x92, 0x8E, 0xC2, 0x82, 0x92, 0x9E, 0x7A, 0x96, 0x92, 0x6E, 0x6E, 0x8E,
    0x7E, 0x52, 0x8E, 0x5A, 0x7E, 0x56, 0x96, 0x56, 0x8A, 0x76, 0x7A, 0x7A, 0x62, 0x7E, 0x62, 0x72,
    0x86, 0x6A, 0x96, 0x72, 0x72, 0x96, 0x86, 0x9E, 0x96, 0x72, 0x9E, 0x7E, 0x46, 0x8E, 0x66, 0x82,
    0x62, 0x7E, 0x72, 0x6A, 0x86, 0x86, 0x8A, 0x96, 0x72, 0x7A, 0x86, 0x6A, 0x5E, 0x72, 0x72, 0x5A,
    0x82, 0x7E, 0x5A, 0x86, 0x62, 0x72, 0x5E, 0x76, 0x72, 0x72, 0x72, 0x7E, 0x72, 0xA6, 0x96, 0x96,
    0x76, 0x9E, 0x92, 0x9E, 0xAA, 0x9E, 0xA6, 0x76, 0xAA, 0x9E, 0x86, 0x7A, 0x92, 0x6E, 0x6A, 0x6E,
    0x82, 0x7E, 0x5A, 0x92, 0x7A, 0x6E, 0x82, 0x76, 0x6E, 0x96, 0x7E, 0x9E, 0x96, 0x8E, 0x7E, 0x9E,
    0x7E, 0x76, 0x92, 0x7E, 0x6A, 0x8A, 0x82, 0x86, 0x9E, 0x8E, 0x9E, 0x96, 0x8A, 0x7A, 0x9E, 0xAE,
    0x6E, 0x92, 0x6E, 0x96, 0x76, 0x82, 0x9E, 0x6E, 0x8E, 0x76, 0x86, 0x86, 0x66, 0x7E, 0x76, 0x6A,
    0x7E, 0x76, 0x5E, 0x66, 0x62, 0x8E, 0x8A, 0x92, 0x92, 0x92, 0x76, 0x7A, 0x8E, 0x6E, 0x92, 0x76,
    0x8A, 0x6A, 0x8A, 0x8A, 0x8A, 0x72, 0x8A, 0x92, 0x96, 0x82, 0x96, 0x72, 0x7A, 0x62, 0x62, 0x66,
    0x5E, 0x6E, 0x5E, 0x72, 0x7A, 0x7A, 0x86, 0x7A, 0x72, 0x6A, 0x62, 0x62, 0x7A, 0x5A, 0x72, 0x7A,
    0x72, 0x7E, 0x6A, 0x76, 0x7E, 0x7A, 0x8E, 0x7E, 0x7E, 0x7E, 0x8A, 0x76, 0x6E, 0x72, 0x7E, 0x76,
    0x7A, 0x72, 0x7A, 0xA6, 0x72, 0x8A, 0x82, 0x92, 0x6A, 0x76, 0x76, 0x72, 0x66, 0x7A, 0x7A, 0x7E,
    0x86, 0x8A, 0x76, 0x82, 0x8A, 0x8A, 0x8A, 0x76, 0x72, 0x8E, 0x76, 0x76, 0x8E, 0x8E, 0x8A, 0x96,
    0x8E, 0x9E, 0x96, 0x9E, 0x96, 0x8E, 0x86, 0x8A, 0x72, 0x7E, 0x76, 0x86, 0x8E, 0x86, 0x92, 0x8A,
    0x86, 0x7E, 0x6A, 0x7E, 0x8A, 0x62, 0x86, 0x76, 0x92, 0x7E, 0x56, 0x82, 0x76, 0x82, 0x62, 0x8A,
    0x76, 0x8E, 0x86, 0x86, 0x8E, 0x8E, 0x8A, 0x7E, 0x6E, 0x8A, 0x62, 0x82, 0x6A, 0x92, 0x8E, 0x96,
    0x7A, 0x86, 0x66, 0x66, 0x7E, 0x56, 0x6E, 0x96, 0x6A, 0x82, 0x96, 0x7E, 0x76, 0x8A, 0x7E, 0x76,
    0x86, 0x7A, 0x6E, 0x6A, 0x82, 0x6A, 0x72, 0x7A, 0x62, 0x72, 0x72, 0x8A, 0x6E, 0x66, 0x8A, 0x86,
    0x86, 0x6E, 0x66, 0x76, 0x62, 0x76, 0x7A, 0x72, 0x86, 0x7A, 0x76, 0x7A, 0x72, 0x7E, 0x82, 0x6A,
    0x6E, 0x7E, 0x6E, 0x72, 0x86, 0x6A, 0x82, 0x66, 0x86, 0x72, 0x96, 0x86, 0x8E, 0x7E, 0x6E, 0x7A,
    0x7E, 0x7E, 0x72, 0x82, 0x86, 0x76, 0x96, 0x86, 0x86, 0x82, 0x96, 0x7E, 0x8A, 0x92, 0x7E, 0x82,
    0x96, 0x7E, 0x8A, 0x76, 0x8A, 0x7A, 0x76, 0x72, 0x8E, 0x76, 0x8A, 0x7E, 0x8E, 0x82, 0x8A, 0x7E,
    0x8A, 0x82, 0x8E, 0x82, 0x96, 0x7E, 0x8A, 0x6E, 0x9E, 0x82, 0x92, 0x7A, 0x62, 0x8A, 0x96, 0x5E,
    0x6E, 0x6A, 0x92, 0x42, 0x9E, 0x9E, 0x8A, 0xB2, 0x72, 0x82, 0x4A, 0x56, 0x8A, 0x5E, 0xAE, 0xBE,
    0xA6, 0x6A, 0x6E, 0x4A, 0x62, 0x7E, 0x82, 0xAA, 0xB2, 0xAE, 0x7A, 0x8A, 0x5A, 0x6E, 0x76, 0x8A,
    0x92, 0x66, 0x7E, 0x7A, 0x82, 0x9E, 0x8A, 0xB6, 0xCA, 0xBE, 0xAA, 0x8E, 0x62, 0x56, 0x32, 0x1A,
    0xE, 0x1A, 0x1E, 0x2A, 0x3E, 0x3E, 0x46, 0x4E, 0x56, 0x5E, 0x62, 0x6E, 0x76, 0xB2, 0x8E, 0x9E,
    0x9E, 0xAE, 0xAE, 0xC2, 0xCA, 0xD6, 0xF6, 0xDA, 0xDE, 0xCA, 0xB6, 0xB6, 0x9E, 0x96, 0x86, 0x82,
    0x86, 0x7A, 0x5E, 0x66, 0x4E, 0x46, 0x3E, 0x46, 0x3E, 0x36, 0x4A, 0x46, 0x42, 0x2E, 0x3A, 0x3E,
    0x46, 0x4E, 0x56, 0x5E, 0x62, 0x66, 0x6A, 0x6E, 0x72, 0x72, 0x76, 0x7A, 0x82, 0x92, 0x92, 0x92,
    0x8A, 0x8E, 0x8E, 0x96, 0x96, 0xAA, 0xAE, 0xB2, 0xB6, 0xAE, 0xA6, 0xAE, 0xB2, 0xB6, 0xAA, 0xC2,
    0xCA, 0xCA, 0xAA, 0xB6, 0x9E, 0x86, 0xAE, 0x9E, 0xAA, 0xA6, 0x9E, 0x96, 0x96, 0x86, 0x92, 0x8E,
    0x8E, 0x8E, 0x8A, 0x8A, 0x76, 0x7E, 0x7A, 0x6A, 0x72, 0x5A, 0x6A, 0x4E, 0x6E, 0x5A, 0x5A, 0x56,
    0x4A, 0x4A, 0x4A, 0x5A, 0x56, 0x52, 0x66, 0x5A, 0x4E, 0x4E, 0x4A, 0x3A, 0x4A, 0x42, 0x56, 0x4E,
    0x66, 0x56, 0x5E, 0x62, 0x66, 0x6A, 0x6E, 0x6E, 0x72, 0x76, 0x76, 0x76, 0x76, 0x7A, 0x7A, 0x7A,
    0x7A, 0x7A, 0x7E, 0x82, 0x7E, 0x8A, 0x82, 0x96, 0x8A, 0x9E, 0x96, 0x96, 0x96, 0x9E, 0x9E, 0xA6,
    0xA6, 0xAA, 0x9E, 0x9E, 0x9E, 0x9E, 0xA6, 0x9E, 0xA6, 0xAE, 0x9E, 0xAA, 0xAA, 0x9E, 0xA6, 0xB6,
    0xB2, 0xA6, 0xB2, 0x9E, 0xAA, 0x9E, 0x96, 0x8E, 0x96, 0x96, 0x8E, 0x92, 0x82, 0x8E, 0x8A, 0x7E,
    0x7A, 0x8A, 0x82, 0x8A, 0x7A, 0x6E, 0x66, 0x6E, 0x56, 0x5E, 0x5A, 0x72, 0x66, 0x66, 0x62, 0x66,
    0x5A, 0x5E, 0x5E, 0x62, 0x5A, 0x6E, 0x62, 0x6A, 0x62, 0x56, 0x66, 0x5E, 0x62, 0x5E, 0x62, 0x66,
    0x62, 0x5E, 0x62, 0x66, 0x6A, 0x5A, 0x66, 0x62, 0x6A, 0x62, 0x6A, 0x52, 0x5A, 0x5E, 0x5E, 0x6A,
    0x66, 0x6A, 0x6E, 0x6E, 0x72, 0x72, 0x76, 0x76, 0x82, 0x76, 0x7A, 0x7A, 0x82, 0x7E, 0x7A, 0x86,
    0x7E, 0x86, 0x8A, 0x8A, 0x92, 0x8E, 0x92, 0x9E, 0x92, 0x9E, 0x9E, 0x9E, 0x9E, 0x9E, 0xA6, 0x96,
    0xA6, 0x9E, 0xA6, 0x96, 0xAA, 0x96, 0x96, 0x9E, 0x96, 0x96, 0x96, 0x96, 0x96, 0x8E, 0x96, 0x96,
    0xA6, 0x9E, 0x9E, 0x96, 0xB2, 0x9E, 0x9E, 0x9E, 0x92, 0x96, 0x9E, 0x96, 0x92, 0x86, 0x96, 0x8E,
    0x96, 0x8E, 0x8E, 0x8A, 0x8A, 0x82, 0x8A, 0x7A, 0x7A, 0x72, 0x6E, 0x6A, 0x6E, 0x5E, 0x6A, 0x5E,
    0x5E, 0x5E, 0x56, 0x6E, 0x5A, 0x62, 0x6A, 0x5A, 0x66, 0x66, 0x62, 0x5E, 0x66, 0x66, 0x62, 0x62,
    0x66, 0x6A, 0x6A, 0x6E, 0x7A, 0x6A, 0x72, 0x76, 0x6E, 0x72, 0x6A, 0x7E, 0x72, 0x6A, 0x6A, 0x6E,
    0x72, 0x5E, 0x76, 0x5A, 0x72, 0x62, 0x66, 0x5A, 0x5E, 0x66, 0x62, 0x72, 0x66, 0x76, 0x72, 0x6E,
    0x7A, 0x72, 0x7E, 0x72, 0x7E, 0x7A, 0x82, 0x82, 0x8A, 0x96, 0x82, 0x96, 0x86, 0x96, 0x96, 0x96,
    0x9E, 0x92, 0x96, 0x96, 0x96, 0x96, 0x96, 0x8E, 0x96, 0x96, 0x9E, 0x96, 0x96, 0x92, 0x92, 0x96,
    0x8A, 0x92, 0x8E, 0x96, 0x96, 0x8A, 0x9E, 0x96, 0x8E, 0x96, 0x96, 0x96, 0x92, 0x9E, 0x96, 0x9E,
    0x9E, 0x96, 0x9E, 0x96, 0xA6, 0x92, 0x9E, 0x92, 0x9E, 0x96, 0x8E, 0x96, 0x8A, 0x8E, 0x82, 0x8A,
    0x7E, 0x82, 0x7A, 0x76, 0x76, 0x6A, 0x7E, 0x62, 0x82, 0x62, 0x76, 0x66, 0x6E, 0x66, 0x62, 0x66,
    0x6A, 0x5E, 0x66, 0x66, 0x66, 0x62, 0x66, 0x66, 0x72, 0x6A, 0x72, 0x76, 0x6E, 0x72, 0x6E, 0x66,
    0x6A, 0x72, 0x6A, 0x62, 0x6A, 0x7A, 0x6A, 0x6E, 0x66, 0x7A, 0x66, 0x72, 0x5E, 0x72, 0x5E, 0x76,
    0x62, 0x76, 0x66, 0x76, 0x62, 0x66, 0x5E, 0x6A, 0x66, 0x62, 0x76, 0x66, 0x6E, 0x6A, 0x76, 0x76,
    0x7A, 0x7E, 0x7E, 0x8A, 0x8A, 0x7E, 0x82, 0x8A, 0x8A, 0x8E, 0x92, 0x8E, 0x96, 0x8E, 0x96, 0x8E,
    0x96, 0x8E, 0x8E, 0x96, 0x96, 0x92, 0x96, 0x96, 0x96, 0x96, 0x96, 0x96, 0x96, 0x96, 0x96, 0x8A,
    0x92, 0x96, 0x8E, 0x96, 0x9E, 0x92, 0x8E, 0x9E, 0x9E, 0x96, 0x9E, 0x96, 0x96, 0x9E, 0x96, 0xA6,
    0x82, 0x96, 0x92, 0x7E, 0x92, 0x92, 0x82, 0x86, 0x92, 0x8E, 0x82, 0x92, 0x7E, 0x86, 0x7E, 0x82,
    0x7A, 0x6E, 0x82, 0x72, 0x72, 0x7A, 0x66, 0x72, 0x66, 0x76, 0x6A, 0x5E, 0x76, 0x62, 0x76, 0x66,
    0x76, 0x66, 0x66, 0x6A, 0x62, 0x6E, 0x62, 0x6A, 0x62, 0x6A, 0x6E, 0x5E, 0x66, 0x62, 0x72, 0x6E,
    0x6E, 0x6E, 0x76, 0x6E, 0x76, 0x6E, 0x6E, 0x72, 0x6A, 0x72, 0x76, 0x5E, 0x6A, 0x72, 0x66, 0x6E,
    0x7A, 0x72, 0x66, 0x7A, 0x6A, 0x72, 0x82, 0x6E, 0x76, 0x72, 0x72, 0x82, 0x6E, 0x7A, 0x82, 0x82,
    0x76, 0x7E, 0x86, 0x8A, 0x86, 0x8E, 0x82, 0x9E, 0x92, 0x92, 0x8A, 0x9E, 0x8A, 0x92, 0x92, 0x96,
    0x8E, 0x92, 0x96, 0x92, 0x86, 0x92, 0x8E, 0x8A, 0x96, 0x8E, 0x8E, 0x92, 0x92, 0x92, 0x8E, 0x9E,
    0x8A, 0x96, 0x82, 0x92, 0x8A, 0x92, 0x96, 0x8E, 0x96, 0x96, 0x92, 0x82, 0x8E, 0x8E, 0x8E, 0x8A,
    0x9E, 0x9E, 0x96, 0x8E, 0x9E, 0x8E, 0x8E, 0x82, 0x92, 0x82, 0x8E, 0x7E, 0x7E, 0x7A, 0x82, 0x72,
    0x7E, 0x7E, 0x7A, 0x7A, 0x76, 0x7E, 0x6E, 0x82, 0x72, 0x6E, 0x6E, 0x6A, 0x66, 0x72, 0x6A, 0x56,
    0x76, 0x5A, 0x6E, 0x6A, 0x6A, 0x7A, 0x6A, 0x76, 0x76, 0x6A, 0x72, 0x6E, 0x76, 0x72, 0x6E, 0x76,
    0x72, 0x72, 0x66, 0x6E, 0x66, 0x72, 0x62, 0x76, 0x72, 0x62, 0x7E, 0x6E, 0x7E, 0x66, 0x7A, 0x76,
    0x6A, 0x7E, 0x66, 0x6E, 0x6E, 0x62, 0x72, 0x66, 0x76, 0x7A, 0x72, 0x72, 0x86, 0x7E, 0x86, 0x86,
    0x82, 0x7A, 0x86, 0x86, 0x8A, 0x7E, 0x96, 0x76, 0x8A, 0x7E, 0x86, 0x7A, 0x8A, 0x8E, 0x86, 0x86,
    0x82, 0x8E, 0x96, 0x8E, 0x96, 0x96, 0x86, 0x7E, 0x92, 0x8A, 0x8A, 0xA6, 0xA6, 0x96, 0xAE, 0x86,
    0x96, 0x96, 0xAA, 0x9E, 0x86, 0x62, 0x8A, 0x92, 0x82, 0x96, 0x96, 0x86, 0x7E, 0x76, 0xBE, 0x56,
    0xCA, 0x76, 0x7A, 0x96, 0x8A, 0x7E, 0x86, 0x86, 0xBE, 0x82, 0x66, 0x8A, 0xB2, 0x7A, 0x7A, 0xA6,
    0x8E, 0x6A, 0x92, 0x66, 0x62, 0xAE, 0x52, 0x9E, 0x6A, 0x56, 0x6E, 0x46, 0x96, 0x3E, 0x96, 0x36,
    0x8A, 0x3A, 0xAE, 0x3E, 0x96, 0x2E, 0x62, 0x56, 0x6E, 0x76, 0x32, 0x7A, 0x32, 0x86, 0x7E, 0x2E,
    0x7E, 0x66, 0x52, 0x4E, 0x66, 0x9E, 0x56, 0x72, 0x86, 0x4E, 0x92, 0x76, 0x6E, 0x86, 0x92, 0x5E,
    0x7E, 0xA6, 0x5E, 0x3E, 0x96, 0x6E, 0x7E, 0x62, 0xAE, 0x5A, 0x7A, 0x8A, 0x8E, 0x5E, 0x66, 0xAA,
    0x4E, 0x72, 0x6E, 0x92, 0x66, 0x66, 0x86, 0x7E, 0x7E, 0x72, 0x5A, 0x8A, 0x8A, 0x5E, 0x72, 0x82,
    0x72, 0x8A, 0x7A, 0x6A, 0x82, 0xAE, 0x86, 0x6A, 0x96, 0xAA, 0x9E, 0x9E, 0x96, 0x6E, 0x8A, 0x9E,
    0xBA, 0x96, 0x7A, 0x7A, 0x96, 0x9E, 0xB6, 0x96, 0x96, 0x7A, 0x7E, 0x96, 0x9E, 0x96, 0xAE, 0xAA,
    0x8A, 0x86, 0x96, 0xB6, 0x96, 0x76, 0x96, 0x82, 0x7A, 0xA6, 0x92, 0x4A, 0x9E, 0x82, 0x76, 0xAA,
    0x6A, 0x8E, 0x7A, 0x92, 0x86, 0x8E, 0x82, 0x66, 0x86, 0x7A, 0x82, 0x6A, 0x72, 0x6E, 0x6A, 0x7A,
    0x5E, 0x7E, 0x62, 0x6E, 0x5A, 0x62, 0x72, 0x56, 0x7A, 0x66, 0x6E, 0x6A, 0x62, 0x6E, 0x6A, 0x62,
    0x76, 0x62, 0x66, 0x72, 0x66, 0x66, 0x7A, 0x72, 0x62, 0x76, 0x7A, 0x56, 0x6E, 0x76, 0x5E, 0x66,
    0x72, 0x7A, 0x6A, 0x7E, 0x82, 0x72, 0x72, 0x82, 0x82, 0x7A, 0x6E, 0x76, 0x76, 0x7A, 0x62, 0x7E,
    0x82, 0x72, 0x72, 0x7E, 0x76, 0x7A, 0x7E, 0x6E, 0x82, 0x7E, 0x7E, 0x7A, 0x7E, 0x8A, 0x7E, 0x8A,
    0x86, 0x8A, 0x7A, 0x86, 0x7E, 0x8E, 0x7E, 0x86, 0x82, 0x8A, 0x92, 0x8A, 0x92, 0x8E, 0x92, 0x96,
    0x96, 0x96, 0x96, 0x9E, 0x96, 0x9E, 0x9E, 0x96, 0x96, 0x9E, 0x96, 0x96, 0x96, 0x9E, 0x96, 0x96,
    0x92, 0x9E, 0x96, 0x96, 0x96, 0x9E, 0x96, 0x9E, 0x9E, 0x9E, 0x9E, 0x9E, 0x96, 0x96, 0x96, 0x96,
    0x92, 0x8E, 0x8E, 0x8E, 0x8A, 0x8A, 0x86, 0x86, 0x82, 0x7A, 0x76, 0x72, 0x6E, 0x6A, 0x62, 0x66,
    0x62, 0x62, 0x62, 0x62, 0x5A, 0x5E, 0x5E, 0x5A, 0x5A, 0x56, 0x5A, 0x5A, 0x52, 0x56, 0x52, 0x52,
    0x56, 0x56, 0x5A, 0x5A, 0x5A, 0x5A, 0x5A, 0x5E, 0x5A, 0x5E, 0x5A, 0x62, 0x5E, 0x66, 0x66, 0x6A,
    0x72, 0x72, 0x76, 0x82, 0x7E, 0x8E, 0x8A, 0x8A, 0x86, 0x8A, 0x96, 0x92, 0x96, 0x8E, 0x8E, 0x8E,
    0x86, 0x8A, 0x8A, 0x8E, 0x8A, 0x8A, 0x8E, 0x8E, 0x92, 0x8E, 0x8E, 0x96, 0x8E, 0x96, 0x8E, 0x92,
    0x96, 0x92, 0x92, 0x92, 0x8E, 0x86, 0x86, 0x86, 0x8A, 0x86, 0x86, 0x7E, 0x8A, 0x8A, 0x86, 0x8E,
    0x8A, 0x8E, 0x8E, 0x8A, 0x8E, 0x8A, 0x8A, 0x82, 0x82, 0x7E, 0x82, 0x86, 0x7E, 0x82, 0x7A, 0x7E,
    0x7A, 0x82, 0x82, 0x76, 0x7E, 0x7E, 0x86, 0x7E, 0x82, 0x82, 0x86, 0x8A, 0x86, 0x86, 0x8A, 0x8E,
    0x8A, 0x86, 0x8A, 0x86, 0x86, 0x82, 0x7A, 0x7A, 0x82, 0x82, 0x82, 0x8A, 0x82, 0x82, 0x82, 0x82,
    0x82, 0x82, 0x82, 0x76, 0x7E, 0x7E, 0x82, 0x7E, 0x7E, 0x7E, 0x7A, 0x7A, 0x7A, 0x72, 0x7A, 0x76,
    0x7A, 0x72, 0x7A, 0x76, 0x76, 0x7A, 0x7A, 0x7E, 0x82, 0x7E, 0x82, 0x82, 0x86, 0x86, 0x86, 0x86,
    0x8A, 0x7E, 0x7E, 0x7E, 0x7E, 0x7E, 0x76, 0x72, 0x72, 0x6E, 0x6A, 0x6A, 0x6E, 0x6E, 0x66, 0x66,
    0x6E, 0x6E, 0x6E, 0x72, 0x72, 0x6E, 0x66, 0x72, 0x6E, 0x72, 0x6E, 0x6A, 0x6E, 0x6A, 0x66, 0x6A,
    0x66, 0x66, 0x66, 0x66, 0x66, 0x6A, 0x6E, 0x72, 0x72, 0x76, 0x76, 0x7A, 0x7A, 0x82, 0x82, 0x8A,
    0x86, 0x8A, 0x8A, 0x8E, 0x92, 0x92, 0x96, 0x96, 0x96, 0x96, 0x96, 0x96, 0x96, 0x96, 0x96, 0x96,
    0x9E, 0x96, 0x96, 0x96, 0x96, 0x96, 0x96, 0x96, 0x96, 0x96, 0x96, 0x96, 0x92, 0x96, 0x92, 0x92,
    0x96, 0x96, 0x96, 0x96, 0x96, 0x96, 0x96, 0x8E, 0x92, 0x92, 0x8E, 0x8A, 0x8A, 0x8A, 0x8A, 0x86,
    0x86, 0x7E, 0x82, 0x7E, 0x7E, 0x7E, 0x7E, 0x7A, 0x76, 0x7A, 0x76, 0x7A, 0x72, 0x7A, 0x7A, 0x7A,
    0x76, 0x7A, 0x76, 0x7A, 0x72, 0x72, 0x72, 0x72, 0x72, 0x6E, 0x72, 0x6E, 0x6A, 0x6A, 0x6A, 0x6A,
    0x6A, 0x6A, 0x66, 0x66, 0x66, 0x66, 0x66, 0x66, 0x5E, 0x66, 0x66, 0x66, 0x66, 0x6A, 0x6A, 0x66,
    0x6E, 0x6A, 0x6A, 0x6A, 0x66, 0x6A, 0x6A, 0x6A, 0x66, 0x66, 0x6E, 0x6A, 0x6A, 0x6A, 0x6E, 0x72,
    0x6E, 0x76, 0x76, 0x76, 0x7A, 0x7E, 0x82, 0x86, 0x8A, 0x8E, 0x8E, 0x8E, 0x92, 0x96, 0x96, 0x96,
    0x9E, 0x96, 0x96, 0x96, 0x96, 0x96, 0x96, 0x96, 0x96, 0x96, 0x96, 0x96, 0x96, 0x92, 0x8E, 0x8A,
    0x92, 0x8A, 0x92, 0x8E, 0x92, 0x8E, 0x92, 0x8E, 0x8A, 0x8E, 0x8E, 0x92, 0x8E, 0x8E, 0x8E, 0x92,
    0x8A, 0x8A, 0x8A, 0x8A, 0x86, 0x86, 0x82, 0x86, 0x82, 0x7E, 0x7E, 0x7E, 0x7E, 0x7E, 0x7E, 0x7A,
    0x82, 0x7E, 0x7E, 0x82, 0x82, 0x7E, 0x82, 0x7E, 0x82, 0x7E, 0x7A, 0x7A, 0x7A, 0x7A, 0x7A, 0x7A,
    0x7A, 0x76, 0x72, 0x72, 0x72, 0x72, 0x72, 0x72, 0x6E, 0x6E, 0x72, 0x6E, 0x6E, 0x72, 0x6E, 0x72,
    0x6E, 0x6E, 0x6E, 0x72, 0x72, 0x72, 0x72, 0x72, 0x72, 0x6E, 0x72, 0x72, 0x76, 0x72, 0x76, 0x76,
    0x76, 0x76, 0x76, 0x76, 0x76, 0x76, 0x76, 0x76, 0x76, 0x76, 0x76, 0x76, 0x76, 0x7A, 0x7A, 0x7E,
    0x7E, 0x82, 0x82, 0x82, 0x7E, 0x7E, 0x7A, 0x7A, 0x76, 0x76, 0x76, 0x76, 0x7A, 0x7A, 0x7E, 0x7E,
    0x7E, 0x82, 0x86, 0x8A, 0x8E, 0x8E, 0x92, 0x96, 0x96, 0x96, 0x96, 0x96, 0x96, 0x96, 0x96, 0x96,
    0x96, 0x96, 0x96, 0x96, 0x96, 0x96, 0x96, 0x92, 0x92, 0x92, 0x92, 0x92, 0x8E, 0x8E, 0x8E, 0x8E,
    0x8E, 0x8A, 0x8A, 0x8E, 0x92, 0x86, 0x76, 0x7E, 0x8A, 0x92, 0x6A, 0x7E, 0x6A, 0x7E, 0x56, 0x72,
    0x96, 0x8A, 0x9E, 0x72, 0x6E, 0x4E, 0x5A, 0x82, 0x66, 0x96, 0x9E, 0x86, 0x5E, 0x66, 0x5A, 0x5E,
    0x62, 0x7A, 0x86, 0x8E, 0x7E, 0x66, 0x6E, 0x42, 0x4A, 0x5E, 0x7A, 0x7E, 0x8E, 0x92, 0x6E, 0x66,
    0x56, 0x4E, 0x62, 0x7A, 0x8E, 0x86, 0x86, 0x76, 0x6E, 0x6E, 0x5A, 0x6E, 0x7A, 0x86, 0x92, 0x8E,
    0x7E, 0x76, 0x62, 0x66, 0x6A, 0x76, 0x86, 0x86, 0x8E, 0x7E, 0x82, 0x76, 0x72, 0x76, 0x72, 0x82,
    0x86, 0x92, 0x86, 0x8E, 0x82, 0x72, 0x7E, 0x7A, 0x7E, 0x86, 0x82, 0x8E, 0x8E, 0x86, 0x8A, 0x7E,
    0x7E, 0x7E, 0x7E, 0x8A, 0x86, 0x8E, 0x7E, 0x8A, 0x86, 0x7A, 0x82, 0x7A, 0x82, 0x86, 0x86, 0x92,
    0x8E, 0x8A, 0x7E, 0x86, 0x7E, 0x7E, 0x86, 0x96, 0x96, 0x92, 0x92, 0x7E, 0x7E, 0x7A, 0x7A, 0x82,
    0x8E, 0x92, 0x8E, 0x96, 0x82, 0x82, 0x7A, 0x76, 0x76, 0x7E, 0x8A, 0x92, 0x92, 0x8E, 0x86, 0x76,
    0x72, 0x76, 0x7E, 0x8A, 0x8E, 0x92, 0x92, 0x86, 0x6E, 0x72, 0x72, 0x76, 0x7E, 0x8A, 0x96, 0x86,
    0x86, 0x76, 0x6E, 0x6E, 0x6E, 0x7A, 0x7A, 0x8A, 0x86, 0x82, 0x7A, 0x72, 0x6E, 0x6A, 0x6E, 0x76,
    0x7E, 0x7E, 0x82, 0x72, 0x76, 0x6A, 0x6A, 0x6E, 0x6A, 0x7E, 0x7A, 0x82, 0x76, 0x76, 0x6E, 0x66,
    0x72, 0x6E, 0x7E, 0x72, 0x86, 0x76, 0x76, 0x66, 0x72, 0x7A, 0x6E, 0x7E, 0x76, 0x7A, 0x6E, 0x76,
    0x7E, 0x76, 0x7A, 0x7A, 0x7E, 0x76, 0x7E, 0x7A, 0x7E, 0x7E, 0x82, 0x86, 0x82, 0x82, 0x7E, 0x7A,
    0x7E, 0x82, 0x8A, 0x8A, 0x86, 0x8E, 0x86, 0x7E, 0x7E, 0x7E, 0x86, 0x8A, 0x8E, 0x8E, 0x8A, 0x8A,
    0x82, 0x82, 0x82, 0x86, 0x8A, 0x92, 0x8E, 0x8E, 0x8A, 0x82, 0x7E, 0x86, 0x86, 0x8A, 0x92, 0x8E,
    0x92, 0x86, 0x8A, 0x7E, 0x82, 0x86, 0x86, 0x8E, 0x8E, 0x8E, 0x8A, 0x82, 0x82, 0x7E, 0x82, 0x7E,
    0x8A, 0x8A, 0x8A, 0x82, 0x82, 0x7A, 0x7E, 0x7E, 0x7E, 0x86, 0x86, 0x8A, 0x7E, 0x82, 0x7E, 0x7A,
    0x7E, 0x7A, 0x82, 0x86, 0x86, 0x7E, 0x7E, 0x7A, 0x76, 0x7A, 0x7A, 0x7E, 0x7E, 0x7E, 0x7E, 0x7E,
    0x7A, 0x7A, 0x76, 0x7A, 0x7A, 0x7E, 0x7E, 0x7A, 0x7A, 0x76, 0x76, 0x76, 0x72, 0x7A, 0x76, 0x7E,
    0x76, 0x7A, 0x7A, 0x72, 0x7A, 0x72, 0x7E, 0x76, 0x7A, 0x7A, 0x7A, 0x7A, 0x76, 0x7A, 0x76, 0x7E,
    0x7A, 0x7E, 0x7A, 0x7A, 0x7A, 0x7A, 0x7A, 0x7A, 0x7E, 0x76, 0x7E, 0x7A, 0x7E, 0x7E, 0x76, 0x7E,
    0x7A, 0x7E, 0x7A, 0x7A, 0x7A, 0x7A, 0x7E, 0x7A, 0x7E, 0x7A, 0x7E, 0x7A, 0x7A, 0x7E, 0x7E, 0x7E,
    0x7E, 0x82, 0x7A, 0x7E, 0x7E, 0x7E, 0x7E, 0x82, 0x82, 0x82, 0x82, 0x82, 0x82, 0x82, 0x82, 0x86,
    0x82, 0x82, 0x82, 0x86, 0x82, 0x86, 0x86, 0x86, 0x86, 0x86, 0x86, 0x86, 0x86, 0x86, 0x8A, 0x86,
    0x86, 0x86, 0x82, 0x86, 0x86, 0x86, 0x86, 0x86, 0x86, 0x86, 0x86, 0x82, 0x86, 0x86, 0x86, 0x82,
    0x86, 0x86, 0x86, 0x86, 0x86, 0x86, 0x82, 0x82, 0x82, 0x86, 0x86, 0x86, 0x86, 0x82, 0x82, 0x7E,
    0x82, 0x7E, 0x82, 0x82, 0x82, 0x82, 0x7E, 0x82, 0x7A, 0x7E, 0x7E, 0x7E, 0x7E, 0x7E, 0x82, 0x7E,
    0x7A, 0x7A, 0x7A, 0x7A, 0x7A, 0x7E, 0x7E, 0x7E, 0x7A, 0x7E, 0x76, 0x7A, 0x76, 0x7A, 0x7A, 0x7A,
    0x7E, 0x7A, 0x7A, 0x76, 0x76, 0x76, 0x76, 0x7A, 0x7E, 0x7A, 0x7E, 0x7A, 0x7A, 0x76, 0x7A, 0x7A,
    0x7A, 0x7E, 0x7A, 0x7E, 0x7A, 0x7A, 0x7A, 0x7A, 0x7A, 0x7A, 0x7E, 0x7E, 0x7E, 0x7E, 0x7E, 0x7A,
    0x7E, 0x7A, 0x7E, 0x7E, 0x7E, 0x82, 0x7E, 0x82, 0x7E, 0x7E, 0x7E, 0x7E, 0x7E, 0x7E, 0x82, 0x7E,
    0x82, 0x7E, 0x7E, 0x82, 0x7E, 0x7E, 0x7E, 0x82, 0x82, 0x82, 0x82, 0x82, 0x82, 0x82, 0x82, 0x82,
    0x82, 0x82, 0x86, 0x82, 0x82, 0x82, 0x82, 0x82, 0x7E, 0x82, 0x82, 0x82, 0x86, 0x82, 0x82, 0x7E,
    0x7E, 0x7E, 0x7E, 0x82, 0x82, 0x82, 0x82, 0x82, 0x82, 0x7E, 0x82, 0x82, 0x82, 0x82, 0x82, 0x82,
    0x82, 0x82, 0x82, 0x82, 0x82, 0x82, 0x86, 0x82, 0x82, 0x82, 0x82, 0x82, 0x82, 0x82, 0x82, 0x82,
    0x82, 0x82, 0x82, 0x82, 0x82, 0x82, 0x82, 0x82, 0x82, 0x82, 0x82, 0x82, 0x82, 0x82, 0x82, 0x82,
    0x82, 0x82, 0x82, 0x7E, 0x82, 0x7E, 0x7E, 0x7E, 0x7E, 0x7E, 0x82, 0x7E, 0x7E, 0x7E, 0x7E, 0x7A,
    0x7A, 0x7A, 0x7E, 0x7A, 0x7E, 0x7A, 0x7A, 0x7A, 0x7A, 0x76, 0x7A, 0x7A, 0x7A, 0x7A, 0x7A, 0x7A,
    0x76, 0x76, 0x76, 0x7A, 0x76, 0x7A, 0x7A, 0x76, 0x7A, 0x76, 0x76, 0x76, 0x76, 0x7A, 0x7A, 0x7A,
    0x7A, 0x76, 0x7A, 0x7A, 0x7A, 0x7A, 0x7A, 0x7A, 0x7E, 0x7A, 0x7A, 0x7A, 0x7A, 0x7A, 0x7E, 0x7E,
    0x7E, 0x7E, 0x7E, 0x7E, 0x7E, 0x7E, 0x82, 0x82, 0x82, 0x82, 0x82, 0x82, 0x82, 0x82, 0x86, 0x86,
    0x82, 0x86, 0x86, 0x86, 0x86, 0x86, 0x86, 0x8A, 0x8A, 0x86, 0x86, 0x86, 0x8A, 0x8A, 0x8A, 0x8A,
    0x8A, 0x8A, 0x86, 0x8A, 0x86, 0x8A, 0x8A, 0x8A, 0x8A, 0x86, 0x8A, 0x86, 0x86, 0x86, 0x86, 0x86,
    0x86, 0x86, 0x86, 0x86, 0x86, 0x86, 0x82, 0x82, 0x82, 0x82, 0x82, 0x86, 0x82, 0x82, 0x7E, 0x7E,
    0x7E, 0x7E, 0x7E, 0x7E, 0x7A, 0x7E, 0x7E, 0x7E, 0x7A, 0x7A, 0x7A, 0x76, 0x7A, 0x7A, 0x7A, 0x7A,
    0x7A, 0x7A, 0x76, 0x76, 0x76, 0x76, 0x76, 0x7A, 0x7A, 0x7A, 0x76, 0x76, 0x76, 0x76, 0x76, 0x76,
    0x7A, 0x7A, 0x7A, 0x7A, 0x7A, 0x76, 0x76, 0x76, 0x76, 0x7A, 0x7A, 0x7A, 0x7A, 0x7A, 0x7A, 0x7A,
    0x7A, 0x7A, 0x7A, 0x7A, 0x7A, 0x7E, 0x7A, 0x7A, 0x7A, 0x7A, 0x7A, 0x7E, 0x7E, 0x7E, 0x7A, 0x7E,
    0x7E, 0x7E, 0x7A, 0x7E, 0x7E, 0x82, 0x82, 0x7E, 0x86, 0x7E, 0x86, 0x86, 0x82, 0x8A, 0x86, 0x82,
    0x86, 0x8A, 0x86, 0x82, 0x8E, 0x8A, 0x8A, 0x82, 0x7E, 0x7E, 0x86, 0x76, 0x7E, 0x7A, 0x8E, 0x86,
    0x7E, 0x7A, 0x82, 0x76, 0x82, 0x66, 0x8A, 0x86, 0x7A, 0x82, 0x7E, 0x82, 0x82, 0x9E, 0xA6, 0x3E,
    0x8A, 0x3A, 0x76, 0x72, 0x56, 0x7E, 0xB6, 0x8A, 0x7E, 0x2A, 0xEE, 0x9E, 0x4A, 0x7E, 0xAE, 0x72,
    0x32, 0x92, 0xDE, 0xAE, 0xCA, 0xBA, 0xC2, 0xB6, 0x86, 0xAE, 0x86, 0x7A, 0x7E, 0xA, 0x6A, 0x16,
    0x6A, 0x6, 0x66, 0x1E, 0x76, 0x32, 0x3E, 0x4E, 0x52, 0x82, 0x56, 0xDA, 0x5A, 0x72, 0x82, 0x56,
    0xCA, 0x86, 0xCA, 0xFE, 0xB2, 0xEA, 0xEA, 0x9E, 0xDE, 0xCA, 0x9E, 0xBA, 0xB2, 0x8E, 0x9E, 0x7E,
    0x5E, 0x6A, 0x82, 0x6E, 0x6A, 0x9E, 0x2E, 0x4A, 0x36, 0x3A, 0x16, 0x5E, 0x7E, 0x42, 0x1A, 0x6A,
    0x4A, 0x36, 0x42, 0x4A, 0x7A, 0x52, 0x5A, 0x76, 0x62, 0x66, 0x6A, 0x6E, 0x86, 0x76, 0x82, 0x8A,
    0x72, 0x96, 0x86, 0x6A, 0x86, 0xBA, 0xA6, 0x8E, 0x8E, 0x86, 0x96, 0xAA, 0xA6, 0xA6, 0x9E, 0x96,
    0xB6, 0xDA, 0xBA, 0x8E, 0x72, 0xB6, 0xBE, 0xC2, 0xBA, 0xAA, 0x92, 0x86, 0x92, 0xAE, 0x96, 0x96,
    0x9E, 0x9E, 0x92, 0x9E, 0x9E, 0x96, 0x8A, 0x72, 0x6A, 0x76, 0x96, 0x92, 0x7A, 0x6A, 0x3E, 0x56,
    0x7A, 0x7A, 0x7E, 0x76, 0x62, 0x5E, 0x52, 0x52, 0x56, 0x6A, 0x72, 0x6A, 0x66, 0x5E, 0x62, 0x56,
    0x42, 0x5E, 0x66, 0x4A, 0x6E, 0x62, 0x4E, 0x62, 0x46, 0x56, 0x56, 0x66, 0x62, 0x6A, 0x6A, 0x6A,
    0x6A, 0x6E, 0x72, 0x72, 0x7A, 0x96, 0x72, 0x9E, 0x72, 0x7E, 0x7A, 0x7E, 0x9E, 0x92, 0xAE, 0x9E,
    0x96, 0xBA, 0x96, 0xA6, 0xBA, 0x9E, 0xB6, 0xAE, 0x8A, 0xAA, 0xAA, 0x82, 0xAE, 0xB2, 0xAA, 0xB2,
    0xB2, 0x8E, 0x96, 0x96, 0x86, 0x8E, 0xAE, 0xAE, 0x8A, 0x9E, 0x9E, 0x7A, 0x6A, 0x82, 0x8A, 0x82,
    0x86, 0x8A, 0x82, 0x7A, 0x6E, 0x7E, 0x82, 0x82, 0x82, 0x7A, 0x7A, 0x76, 0x6E, 0x62, 0x62, 0x62,
    0x66, 0x62, 0x62, 0x62, 0x5A, 0x52, 0x4A, 0x56, 0x62, 0x6A, 0x6A, 0x72, 0x66, 0x6A, 0x5E, 0x66,
    0x6E, 0x72, 0x7A, 0x76, 0x7A, 0x7A, 0x6E, 0x62, 0x6A, 0x72, 0x76, 0x82, 0x76, 0x76, 0x76, 0x7A,
    0x76, 0x86, 0x8E, 0x92, 0x8E, 0x8A, 0x7A, 0x7A, 0x76, 0x7E, 0x7E, 0x86, 0x8E, 0x82, 0x8E, 0x92,
    0x92, 0x86, 0x8A, 0x82, 0x86, 0x8E, 0x86, 0x8A, 0x86, 0x7A, 0x6A, 0x76, 0x7E, 0x82, 0x8A, 0x8A,
    0x72, 0x7A, 0x7A, 0x7A, 0x82, 0x86, 0x8A, 0x86, 0x86, 0x7E, 0x82, 0x7E, 0x7A, 0x82, 0x7E, 0x7E,
    0x82, 0x86, 0x8A, 0x82, 0x8A, 0x92, 0x96, 0x96, 0x9E, 0x9E, 0x9E, 0x9E, 0x96, 0x96, 0x9E, 0x9E,
    0x9E, 0x92, 0x92, 0x8A, 0x7E, 0x86, 0x92, 0x96, 0x96, 0x9E, 0x9E, 0x9E, 0x9E, 0x8E, 0x92, 0x96,
    0x96, 0x96, 0x96, 0x86, 0x82, 0x76, 0x76, 0x72, 0x76, 0x7A, 0x6E, 0x72, 0x6E, 0x72, 0x6A, 0x72,
    0x72, 0x76, 0x76, 0x7A, 0x76, 0x72, 0x6E, 0x62, 0x5E, 0x62, 0x62, 0x5E, 0x5A, 0x52, 0x52, 0x4E,
    0x4E, 0x52, 0x56, 0x5E, 0x5A, 0x5A, 0x5A, 0x5E, 0x5A, 0x5E, 0x62, 0x5E, 0x66, 0x6A, 0x66, 0x62,
    0x66, 0x66, 0x6A, 0x6E, 0x72, 0x72, 0x76, 0x76, 0x76, 0x7A, 0x7A, 0x7A, 0x7E, 0x8A, 0x92, 0x96,
    0x96, 0x96, 0x92, 0x96, 0x96, 0x9E, 0x9E, 0x96, 0x96, 0x96, 0x8E, 0x8E, 0x96, 0x96, 0x96, 0x96,
    0x96, 0x96, 0x96, 0x96, 0x96, 0x9E, 0x9E, 0x9E, 0x9E, 0x9E, 0xA6, 0x9E, 0x9E, 0x9E, 0xAA, 0xAE,
    0xAE, 0xAA, 0xA6, 0x9E, 0x96, 0x96, 0x92, 0x96, 0x96, 0x92, 0x8E, 0x86, 0x86, 0x82, 0x86, 0x8E,
    0x92, 0x8E, 0x86, 0x82, 0x82, 0x7A, 0x72, 0x76, 0x72, 0x6E, 0x66, 0x66, 0x62, 0x5E, 0x56, 0x5A,
    0x5A, 0x56, 0x5E, 0x66, 0x62, 0x62, 0x62, 0x62, 0x66, 0x6A, 0x6A, 0x6A, 0x6A, 0x62, 0x62, 0x5E,
    0x5E, 0x5E, 0x62, 0x62, 0x66, 0x62, 0x5E, 0x5E, 0x5A, 0x66, 0x6A, 0x72, 0x7A, 0x7A, 0x6E, 0x72,
    0x6E, 0x72, 0x76, 0x7A, 0x7A, 0x72, 0x72, 0x76, 0x7A, 0x76, 0x7E, 0x7E, 0x86, 0x8A, 0x92, 0x8E,
    0x8E, 0x8E, 0x8A, 0x92, 0x9E, 0x9E, 0x9E, 0x9E, 0x92, 0x96, 0x8E, 0x8E, 0x8E, 0x92, 0x92, 0x8A,
    0x8A, 0x8A, 0x82, 0x7E, 0x86, 0x8A, 0x92, 0x92, 0x8E, 0x8E, 0x8A, 0x8A, 0x82, 0x86, 0x8A, 0x8A,
    0x8A, 0x8A, 0x82, 0x7E, 0x7E, 0x7E, 0x86, 0x82, 0x8A, 0x8A, 0x8A, 0x82, 0x82, 0x86, 0x8A, 0x8E,
    0x96, 0x96, 0x96, 0x96, 0x92, 0x92, 0x8E, 0x96, 0x9E, 0x96, 0x96, 0x96, 0x8E, 0x8A, 0x86, 0x8A,
    0x8A, 0x8E, 0x8A, 0x7A, 0x7A, 0x72, 0x76, 0x72, 0x76, 0x76, 0x76, 0x7A, 0x76, 0x6A, 0x6A, 0x62,
    0x62, 0x6A, 0x6E, 0x6A, 0x6E, 0x6E, 0x66, 0x5E, 0x5E, 0x66, 0x6A, 0x6E, 0x72, 0x6E, 0x6E, 0x6A,
    0x6E, 0x72, 0x76, 0x7A, 0x7E, 0x7A, 0x7A, 0x76, 0x76, 0x6E, 0x6E, 0x72, 0x7E, 0x7A, 0x76, 0x72,
    0x72, 0x6E, 0x6A, 0x6E, 0x6E, 0x72, 0x72, 0x72, 0x6E, 0x6E, 0x66, 0x6E, 0x6E, 0x7A, 0x7E, 0x82,
    0x7E, 0x7A, 0x76, 0x76, 0x7E, 0x86, 0x92, 0x92, 0x92, 0x8E, 0x8E, 0x8A, 0x8E, 0x92, 0x92, 0x96,
    0x92, 0x92, 0x8E, 0x8E, 0x8A, 0x8A, 0x8A, 0x8E, 0x92, 0x92, 0x92, 0x8E, 0x8E, 0x8A, 0x92, 0x92,
    0x92, 0x96, 0x96, 0x92, 0x8E, 0x8A, 0x8A, 0x8A, 0x8E, 0x92, 0x8E, 0x92, 0x8E, 0x8A, 0x8E, 0x8E,
    0x92, 0x96, 0x96, 0x96, 0x92, 0x96, 0x8E, 0x8E, 0x8E, 0x96, 0x92, 0x96, 0x8A, 0x86, 0x82, 0x7E,
    0x7A, 0x7E, 0x7E, 0x7A, 0x72, 0x6E, 0x6E, 0x6A, 0x66, 0x66, 0x6A, 0x6A, 0x66, 0x66, 0x62, 0x62,
    0x56, 0x5E, 0x62, 0x66, 0x6A, 0x6E, 0x6A, 0x66, 0x6A, 0x66, 0x6A, 0x72, 0x72, 0x6E, 0x6E, 0x6A,
    0x6A, 0x66, 0x66, 0x6A, 0x6E, 0x72, 0x76, 0x7A, 0x7A, 0x7E, 0x76, 0x7E, 0x82, 0x8A, 0x8E, 0x8E,
    0x8E, 0x8A, 0x8A, 0x8A, 0x8E, 0x8E, 0x96, 0x8E, 0x8E, 0x8A, 0x8A, 0x86, 0x86, 0x86, 0x86, 0x8A,
    0x86, 0x86, 0x82, 0x82, 0x76, 0x7A, 0x7E, 0x82, 0x82, 0x82, 0x7E, 0x7A, 0x76, 0x76, 0x7A, 0x7E,
    0x7E, 0x7E, 0x7E, 0x7E, 0x7E, 0x76, 0x7A, 0x7E, 0x7E, 0x82, 0x82, 0x82, 0x7E, 0x7E, 0x76, 0x7E,
    0x82, 0x86, 0x86, 0x86, 0x7E, 0x7E, 0x7E, 0x7E, 0x86, 0x96, 0x76, 0x72, 0xA6, 0x92, 0xAA, 0x76,
    0x9E, 0x76, 0x7E, 0x7A, 0x86, 0xAA, 0x96, 0xAA, 0x86, 0x96, 0x72, 0x82, 0x9E, 0x7A, 0xB6, 0xAA,
    0xAA, 0x76, 0x7A, 0x72, 0x7E, 0x86, 0x9E, 0xAE, 0xA6, 0xA6, 0x82, 0x76, 0x5E, 0x6E, 0x72, 0x82,
    0xA6, 0x92, 0xAA, 0x7A, 0x76, 0x6E, 0x62, 0x6E, 0x7E, 0x8E, 0x82, 0x82, 0x76, 0x76, 0x6E, 0x62,
    0x66, 0x72, 0x7E, 0x86, 0x86, 0x82, 0x72, 0x62, 0x66, 0x5E, 0x6E, 0x6E, 0x7A, 0x7A, 0x82, 0x7A,
    0x72, 0x6A, 0x5E, 0x5A, 0x62, 0x76, 0x7A, 0x76, 0x86, 0x72, 0x6A, 0x62, 0x72, 0x6A, 0x72, 0x6E,
    0x82, 0x7E, 0x7E, 0x6E, 0x6E, 0x6E, 0x62, 0x6E, 0x7E, 0x7E, 0x86, 0x7A, 0x7E, 0x76, 0x6E, 0x6E,
    0x6E, 0x76, 0x82, 0x86, 0x8E, 0x8A, 0x82, 0x7E, 0x86, 0x6E, 0x7E, 0x86, 0x92, 0x96, 0x96, 0x8E,
    0x86, 0x82, 0x8E, 0x86, 0x8A, 0x96, 0x92, 0x9E, 0x96, 0x96, 0x96, 0x86, 0x8A, 0x86, 0x8A, 0x92,
    0x9E, 0x96, 0x9E, 0x96, 0x8E, 0x8A, 0x86, 0x8E, 0x92, 0x96, 0x96, 0xA6, 0x96, 0x8E, 0x8A, 0x7E,
    0x86, 0x8A, 0x92, 0xA6, 0x96, 0x96, 0x8A, 0x82, 0x76, 0x7A, 0x7A, 0x82, 0x8E, 0x92, 0x8E, 0x82,
    0x7E, 0x72, 0x72, 0x62, 0x76, 0x76, 0x7E, 0x82, 0x7A, 0x7A, 0x66, 0x6A, 0x62, 0x6A, 0x66, 0x76,
    0x7A, 0x6E, 0x72, 0x6A, 0x5A, 0x52, 0x6E, 0x66, 0x7A, 0x7E, 0x7A, 0x72, 0x5E, 0x62, 0x62, 0x76,
    0x6A, 0x7A, 0x72, 0x72, 0x6E, 0x66, 0x76, 0x66, 0x7E, 0x76, 0x7A, 0x72, 0x6E, 0x76, 0x72, 0x7A,
    0x7A, 0x82, 0x76, 0x7E, 0x72, 0x76, 0x7A, 0x76, 0x7E, 0x7E, 0x92, 0x7A, 0x86, 0x76, 0x7A, 0x7E,
    0x7A, 0x8E, 0x86, 0x96, 0x82, 0x8A, 0x82, 0x7E, 0x82, 0x86, 0x92, 0x8E, 0x96, 0x92, 0x8E, 0x8A,
    0x86, 0x86, 0x8A, 0x92, 0x96, 0x96, 0x92, 0x96, 0x86, 0x86, 0x86, 0x8A, 0x92, 0x96, 0x96, 0x8E,
    0x92, 0x86, 0x82, 0x82, 0x8A, 0x92, 0x92, 0x96, 0x92, 0x8A, 0x8A, 0x7E, 0x7E, 0x86, 0x8E, 0x8E,
    0x92, 0x92, 0x86, 0x82, 0x7E, 0x7E, 0x82, 0x86, 0x86, 0x86, 0x86, 0x82, 0x7E, 0x7A, 0x76, 0x7A,
    0x7E, 0x7E, 0x7E, 0x7E, 0x7A, 0x76, 0x72, 0x72, 0x72, 0x7A, 0x7A, 0x7A, 0x76, 0x72, 0x72, 0x6E,
    0x6E, 0x76, 0x6E, 0x76, 0x72, 0x76, 0x6E, 0x6E, 0x72, 0x6E, 0x72, 0x6E, 0x7A, 0x72, 0x72, 0x6E,
    0x6E, 0x72, 0x72, 0x76, 0x72, 0x7A, 0x72, 0x76, 0x72, 0x72, 0x7A, 0x7A, 0x7A, 0x76, 0x7A, 0x72,
    0x76, 0x76, 0x76, 0x7A, 0x76, 0x7E, 0x7A, 0x7A, 0x7A, 0x72, 0x76, 0x76, 0x82, 0x7E, 0x82, 0x7E,
    0x7E, 0x7A, 0x7A, 0x7A, 0x7E, 0x82, 0x86, 0x86, 0x82, 0x82, 0x82, 0x82, 0x82, 0x86, 0x8A, 0x8A,
    0x8A, 0x8A, 0x8A, 0x86, 0x86, 0x8A, 0x8A, 0x8A, 0x8E, 0x8A, 0x8E, 0x8A, 0x8A, 0x8A, 0x8A, 0x8E,
    0x8E, 0x8E, 0x8E, 0x8E, 0x8A, 0x8A, 0x8E, 0x8A, 0x8E, 0x8E, 0x8A, 0x8A, 0x8A, 0x86, 0x86, 0x8A,
    0x8E, 0x8A, 0x8E, 0x8A, 0x86, 0x86, 0x82, 0x86, 0x86, 0x8A, 0x8A, 0x86, 0x82, 0x82, 0x82, 0x82,
    0x86, 0x86, 0x86, 0x86, 0x82, 0x7E, 0x7E, 0x76, 0x7A, 0x7E, 0x82, 0x82, 0x82, 0x7A, 0x76, 0x72,
    0x72, 0x72, 0x76, 0x7A, 0x7A, 0x7A, 0x76, 0x72, 0x72, 0x6E, 0x6E, 0x76, 0x76, 0x7A, 0x76, 0x72,
    0x76, 0x6A, 0x6E, 0x6E, 0x72, 0x7A, 0x76, 0x7A, 0x72, 0x72, 0x6E, 0x6E, 0x72, 0x76, 0x76, 0x7A,
    0x76, 0x76, 0x76, 0x72, 0x72, 0x72, 0x7A, 0x76, 0x7E, 0x7A, 0x7A, 0x76, 0x72, 0x76, 0x76, 0x7A,
    0x7E, 0x7E, 0x7E, 0x7E, 0x7A, 0x7A, 0x7A, 0x7E, 0x7E, 0x7E, 0x82, 0x82, 0x82, 0x7E, 0x82, 0x82,
    0x86, 0x86, 0x86, 0x86, 0x82, 0x82, 0x82, 0x86, 0x8A, 0x8A, 0x8A, 0x86, 0x86, 0x86, 0x86, 0x8A,
    0x8A, 0x8E, 0x8E, 0x8A, 0x8A, 0x86, 0x86, 0x86, 0x8A, 0x8E, 0x8E, 0x8E, 0x8A, 0x8A, 0x86, 0x82,
    0x86, 0x8A, 0x8E, 0x8E, 0x8E, 0x8A, 0x86, 0x82, 0x82, 0x86, 0x86, 0x8A, 0x8A, 0x8A, 0x86, 0x86,
    0x7E, 0x82, 0x82, 0x82, 0x86, 0x86, 0x86, 0x82, 0x82, 0x7E, 0x7E, 0x82, 0x82, 0x86, 0x82, 0x82,
    0x7E, 0x7A, 0x7E, 0x7E, 0x82, 0x82, 0x7E, 0x7E, 0x7E, 0x7A, 0x7A, 0x7A, 0x7A, 0x7E, 0x7E, 0x7E,
    0x7A, 0x7A, 0x76, 0x72, 0x76, 0x7A, 0x7A, 0x7A, 0x7A, 0x76, 0x76, 0x72, 0x72, 0x76, 0x76, 0x7A,
    0x7A, 0x76, 0x76, 0x76, 0x72, 0x76, 0x76, 0x76, 0x7A, 0x76, 0x7A, 0x76, 0x76, 0x72, 0x76, 0x76,
    0x76, 0x7A, 0x7A, 0x7A, 0x76, 0x72, 0x72, 0x76, 0x76, 0x7A, 0x76, 0x7A, 0x76, 0x76, 0x76, 0x76,
    0x76, 0x7A, 0x7A, 0x7E, 0x7A, 0x7E, 0x7A, 0x7A, 0x7A, 0x7E, 0x82, 0x82, 0x82, 0x7E, 0x82, 0x82,
    0x82, 0x82, 0x86, 0x86, 0x86, 0x86, 0x86, 0x86, 0x86, 0x86, 0x8A, 0x8A, 0x8A, 0x8A, 0x8A, 0x8A,
    0x8A, 0x86, 0x8A, 0x8A, 0x8E, 0x8E, 0x8A, 0x8A, 0x8A, 0x8A, 0x8A, 0x8A, 0x8E, 0x8E, 0x8E, 0x8A,
    0x8A, 0x8A, 0x8A, 0x8A, 0x8E, 0x8E, 0x8E, 0x8E, 0x8E, 0x8A, 0x8A, 0x86, 0x8A, 0x8E, 0x8A, 0x8E,
    0x8A, 0x8A, 0x86, 0x82, 0x82, 0x82, 0x86, 0x86, 0x86, 0x82, 0x82, 0x7E, 0x7E, 0x7A, 0x7E, 0x7E,
    0x7E, 0x7E, 0x7A, 0x7A, 0x76, 0x76, 0x76, 0x76, 0x76, 0x76, 0x76, 0x72, 0x72, 0x72, 0x72, 0x72,
    0x72, 0x72, 0x72, 0x72, 0x72, 0x6E, 0x76, 0x76, 0x8E, 0x52, 0x52, 0xA6, 0x7E, 0x96, 0x66, 0x7E,
    0x62, 0x5A, 0x56, 0x7E, 0x9E, 0x86, 0x86, 0x62, 0x7A, 0x4A, 0x56, 0x92, 0x62, 0xB2, 0x96, 0x92,
    0x66, 0x5A, 0x52, 0x62, 0x6E, 0x86, 0x9E, 0x96, 0x9E, 0x6A, 0x66, 0x56, 0x5E, 0x82, 0x8E, 0xAE,
    0x92, 0xA6, 0x72, 0x6A, 0x72, 0x5A, 0x7E, 0x86, 0xAE, 0xAA, 0xA6, 0x8E, 0x6E, 0x62, 0x62, 0x7E,
    0x86, 0x9E, 0x9E, 0xA6, 0x8E, 0x8A, 0x7E, 0x72, 0x86, 0x82, 0xA6, 0x96, 0xAA, 0x96, 0x92, 0x86,
    0x72, 0x86, 0x7E, 0x96, 0x92, 0x9E, 0x96, 0x96, 0x8A, 0x6E, 0x7E, 0x6E, 0x7E, 0x8E, 0x9E, 0x96,
    0x96, 0x86, 0x7E, 0x86, 0x76, 0x86, 0x86, 0x96, 0x96, 0x92, 0x92, 0x7A, 0x7E, 0x72, 0x76, 0x72,
    0x82, 0x8A, 0x8E, 0x8E, 0x82, 0x82, 0x76, 0x72, 0x6E, 0x72, 0x7E, 0x8A, 0x8E, 0x86, 0x82, 0x72,
    0x72, 0x72, 0x6E, 0x7A, 0x7E, 0x7E, 0x82, 0x82, 0x76, 0x72, 0x6A, 0x6A, 0x72, 0x76, 0x86, 0x82,
    0x82, 0x7A, 0x72, 0x6A, 0x66, 0x72, 0x76, 0x82, 0x7E, 0x8A, 0x7E, 0x76, 0x6E, 0x62, 0x6E, 0x72,
    0x7E, 0x86, 0x86, 0x7E, 0x76, 0x72, 0x66, 0x6A, 0x6A, 0x76, 0x7E, 0x8A, 0x86, 0x7A, 0x76, 0x6E,
    0x6A, 0x6A, 0x76, 0x7A, 0x8A, 0x8A, 0x7E, 0x86, 0x6A, 0x72, 0x6E, 0x76, 0x82, 0x8A, 0x8A, 0x8A,
    0x8A, 0x7E, 0x72, 0x76, 0x86, 0x86, 0x8E, 0x92, 0x92, 0x8E, 0x76, 0x8A, 0x82, 0x8E, 0x92, 0x8A,
    0x96, 0x86, 0x8E, 0x8E, 0x86, 0x92, 0x92, 0x96, 0x8A, 0x92, 0x8A, 0x8E, 0x92, 0x8A, 0x92, 0x96,
    0x96, 0x86, 0x8E, 0x8A, 0x8E, 0x92, 0x96, 0x92, 0x96, 0x96, 0x82, 0x86, 0x86, 0x8A, 0x8A, 0x8E,
    0x96, 0x8E, 0x92, 0x86, 0x82, 0x86, 0x86, 0x8E, 0x8E, 0x92, 0x86, 0x86, 0x7A, 0x76, 0x7A, 0x7A,
    0x7E, 0x82, 0x7E, 0x7E, 0x76, 0x72, 0x6E, 0x6A, 0x6E, 0x76, 0x7A, 0x7A, 0x76, 0x72, 0x6A, 0x66,
    0x6A, 0x6A, 0x72, 0x76, 0x76, 0x72, 0x6A, 0x6A, 0x66, 0x66, 0x6A, 0x6E, 0x72, 0x76, 0x72, 0x6E,
    0x6A, 0x6A, 0x6A, 0x6A, 0x72, 0x6E, 0x76, 0x72, 0x72, 0x6A, 0x66, 0x6A, 0x6E, 0x72, 0x76, 0x7A,
    0x76, 0x72, 0x6E, 0x6E, 0x72, 0x76, 0x7A, 0x7A, 0x7E, 0x7A, 0x7E, 0x7A, 0x76, 0x7A, 0x7E, 0x82,
    0x82, 0x8A, 0x86, 0x86, 0x86, 0x82, 0x8A, 0x86, 0x8E, 0x8A, 0x8E, 0x92, 0x8E, 0x8E, 0x8E, 0x92,
    0x8E, 0x92, 0x92, 0x92, 0x8E, 0x92, 0x92, 0x92, 0x92, 0x8E, 0x92, 0x8E, 0x92, 0x8E, 0x8E, 0x92,
    0x92, 0x96, 0x92, 0x92, 0x8E, 0x8E, 0x8E, 0x8A, 0x92, 0x8E, 0x92, 0x8E, 0x8E, 0x8A, 0x86, 0x86,
    0x8A, 0x8E, 0x8E, 0x8E, 0x86, 0x8A, 0x86, 0x82, 0x82, 0x82, 0x86, 0x86, 0x86, 0x82, 0x82, 0x7E,
    0x7A, 0x7E, 0x7E, 0x7E, 0x7E, 0x7A, 0x7A, 0x76, 0x76, 0x76, 0x72, 0x76, 0x72, 0x72, 0x76, 0x72,
    0x72, 0x6E, 0x72, 0x72, 0x72, 0x72, 0x6E, 0x72, 0x6E, 0x6E, 0x6E, 0x6E, 0x72, 0x6E, 0x72, 0x6E,
    0x6E, 0x6E, 0x6E, 0x6E, 0x72, 0x72, 0x72, 0x72, 0x6E, 0x6E, 0x6E, 0x72, 0x72, 0x72, 0x76, 0x72,
    0x76, 0x6E, 0x72, 0x6E, 0x76, 0x76, 0x7A, 0x7A, 0x76, 0x7A, 0x76, 0x76, 0x76, 0x7A, 0x7E, 0x7E,
    0x82, 0x82, 0x7E, 0x7E, 0x7A, 0x7E, 0x82, 0x86, 0x8A, 0x8A, 0x86, 0x86, 0x82, 0x86, 0x86, 0x8A,
    0x8E, 0x8E, 0x92, 0x8E, 0x8E, 0x8A, 0x8A, 0x8A, 0x8E, 0x8E, 0x92, 0x92, 0x92, 0x8E, 0x8A, 0x8A,
    0x8A, 0x8E, 0x8E, 0x92, 0x92, 0x92, 0x8E, 0x8E, 0x8E, 0x8E, 0x8E, 0x92, 0x92, 0x92, 0x8E, 0x8E,
    0x8A, 0x8A, 0x8E, 0x8E, 0x8E, 0x8E, 0x8E, 0x8A, 0x86, 0x86, 0x8A, 0x8A, 0x86, 0x86, 0x82, 0x86,
    0x82, 0x82, 0x82, 0x82, 0x82, 0x7E, 0x7E, 0x7A, 0x7A, 0x7A, 0x7A, 0x7A, 0x7A, 0x7A, 0x7A, 0x76,
    0x72, 0x72, 0x72, 0x72, 0x76, 0x76, 0x76, 0x72, 0x6E, 0x6E, 0x6E, 0x6E, 0x6E, 0x72, 0x72, 0x72,
    0x6E, 0x6E, 0x6A, 0x6A, 0x6E, 0x6E, 0x72, 0x72, 0x72, 0x6E, 0x6E, 0x6E, 0x6E, 0x6E, 0x72, 0x76,
    0x76, 0x72, 0x72, 0x72, 0x6E, 0x72, 0x72, 0x76, 0x76, 0x76, 0x76, 0x76, 0x76, 0x76, 0x7A, 0x7A,
    0x7E, 0x7E, 0x7E, 0x7E, 0x7E, 0x7E, 0x7E, 0x82, 0x86, 0x86, 0x86, 0x86, 0x86, 0x86, 0x86, 0x86,
    0x8A, 0x8A, 0x8A, 0x8E, 0x8A, 0x8E, 0x8A, 0x8A, 0x8A, 0x8E, 0x8E, 0x92, 0x8E, 0x8E, 0x8E, 0x8E,
    0x8A, 0x8E, 0x8E, 0x92, 0x8E, 0x8E, 0x8E, 0x8A, 0x8A, 0x8A, 0x8A, 0x8E, 0x8E, 0x8E, 0x8E, 0x8A,
    0x8A, 0x86, 0x86, 0x8A, 0x8A, 0x8A, 0x8A, 0x86, 0x86, 0x82, 0x82, 0x86, 0x86, 0x86, 0x86, 0x86,
    0x82, 0x82, 0x7E, 0x7E, 0x82, 0x7E, 0x82, 0x7E, 0x7E, 0x7E, 0x7A, 0x7E, 0x7A, 0x7A, 0x7A, 0x7A,
    0x7A, 0x7A, 0x76, 0x76, 0x76, 0x76, 0x7A, 0x76, 0x76, 0x76, 0x76, 0x76, 0x76, 0x76, 0x76, 0x76,
    0x76, 0x76, 0x76, 0x76, 0x76, 0x76, 0x76, 0x76, 0x76, 0x76, 0x76, 0x76, 0x76, 0x76, 0x76, 0x7A,
    0x7A, 0x7A, 0x76, 0x76, 0x76, 0x76, 0x76, 0x7A, 0x7A, 0x7A, 0x7A, 0x7A, 0x76, 0x7A, 0x76, 0x7A,
    0x7A, 0x7E, 0x7E, 0x7E, 0x7E, 0x7A, 0x7A, 0x7A, 0x7A, 0x7E, 0x7E, 0x82, 0x7E, 0x7E, 0x7E, 0x7E,
    0x7E, 0x7E, 0x82, 0x82, 0x82, 0x86, 0x82, 0x82, 0x82, 0x82, 0x82, 0x82, 0x86, 0x86, 0x86, 0x86,
    0x86, 0x86, 0x86, 0x86, 0x86, 0x86, 0x86, 0x86, 0x86, 0x8A, 0x86, 0x86, 0x86, 0x86, 0x86, 0x86,
    0x8A, 0x8A, 0x8A, 0x8A, 0x8A, 0x8A, 0x86, 0x86, 0x86, 0x8A, 0x8A, 0x8A, 0x8A, 0x8A, 0x86, 0x86,
    0x86, 0x82, 0x86, 0x86, 0x86, 0x86, 0x86, 0x86, 0x82, 0x82, 0x82, 0x7E, 0x82, 0x82, 0x82, 0x86,
    0x82, 0x82, 0x7E, 0x7E, 0x7E, 0x7E, 0x7E, 0x7E, 0x7E, 0x7E, 0x7E, 0x7A, 0x7A, 0x76, 0x7A, 0x7A,
    0x7A, 0x7A, 0x7A, 0x7A, 0x7A, 0x76, 0x76, 0x76, 0x7A, 0x7A, 0x7A, 0x7A, 0x7A, 0x7A, 0x76, 0x76,
    0x76, 0x76, 0x7A, 0x76, 0x76, 0x7A, 0x7A, 0x7A, 0x76, 0x7A, 0x7A, 0x6A, 0x76, 0x6E, 0x6A, 0x7A,
    0x7E, 0x7E, 0x72, 0x66, 0x7A, 0x72, 0x7E, 0x7E, 0x7E, 0x7E, 0x92, 0x7E, 0x6A, 0x76, 0x76, 0x76,
    0xAA, 0x7E, 0x4A, 0x56, 0x7A, 0x82, 0x82, 0x7E, 0x6E, 0x7A, 0x7E, 0x6E, 0x46, 0x9E, 0x5A, 0x76,
    0xBA, 0x8E, 0xB2, 0x82, 0x62, 0x8A, 0x96, 0xB2, 0x6E, 0x7E, 0x76, 0x96, 0x5E, 0x6E, 0xB6, 0x56,
    0x5E, 0xBA, 0x6A, 0x6E, 0x92, 0x42, 0xCA, 0x62, 0xAE, 0x62, 0x96, 0x8A, 0x76, 0x52, 0xBE, 0x72,
    0x8A, 0xBA, 0x96, 0x92, 0x92, 0x72, 0x96, 0x82, 0x96, 0x6E, 0x92, 0x76, 0x4A, 0xAE, 0x3A, 0x82,
    0x8E, 0x36, 0x82, 0x7E, 0x46, 0xAA, 0x3E, 0x9E, 0x96, 0x62, 0x9E, 0x86, 0x72, 0x96, 0x96, 0x66,
    0x6E, 0x9E, 0x82, 0x7A, 0xBE, 0x96, 0x6A, 0x72, 0x86, 0x9E, 0x7A, 0xBA, 0x9E, 0x76, 0x86, 0x72,
    0x42, 0x6E, 0x9E, 0xC2, 0xB6, 0x8E, 0x6E, 0x56, 0x5A, 0x56, 0x66, 0xB6, 0x8E, 0x72, 0x6E, 0x76,
    0x42, 0x52, 0x6A, 0x6A, 0x8A, 0xAA, 0x76, 0x56, 0x5E, 0x3A, 0x42, 0x72, 0x8E, 0x8A, 0x86, 0x76,
    0x3A, 0x4A, 0x3E, 0x5E, 0x86, 0xAE, 0x86, 0x6E, 0x6A, 0x62, 0x5E, 0x62, 0x82, 0x6E, 0x96, 0x92,
    0x66, 0x66, 0x92, 0x5E, 0x6A, 0x9E, 0x7A, 0xB2, 0x96, 0x82, 0xAE, 0x62, 0x9E, 0x82, 0xA6, 0xAE,
    0xB6, 0xAA, 0xAA, 0xAA, 0x72, 0x8A, 0x9E, 0xAE, 0xB6, 0xAE, 0xA6, 0x8A, 0x8E, 0x62, 0x8E, 0x92,
    0x96, 0x9E, 0x96, 0x7A, 0x76, 0x66, 0x76, 0x6E, 0x9E, 0x96, 0x7A, 0x92, 0x82, 0x72, 0x8A, 0x8E,
    0x82, 0x92, 0x8E, 0x72, 0x6E, 0x6A, 0x46, 0x62, 0x86, 0x7E, 0x86, 0x8E, 0x7A, 0x4E, 0x56, 0x52,
    0x62, 0x72, 0x8A, 0x8A, 0x7A, 0x72, 0x7A, 0x5E, 0x5E, 0x62, 0x72, 0x76, 0x76, 0x6A, 0x6A, 0x7A,
    0x5E, 0x66, 0x7E, 0x92, 0x92, 0x8E, 0x76, 0x6E, 0x6E, 0x72, 0x7E, 0x86, 0x96, 0x86, 0x82, 0x7E,
    0x7E, 0x6A, 0x6E, 0x7A, 0x82, 0x82, 0x82, 0x76, 0x72, 0x76, 0x62, 0x6E, 0x7E, 0x8A, 0x92, 0x86,
    0x7A, 0x76, 0x6A, 0x6E, 0x82, 0x96, 0x9E, 0x96, 0x92, 0x92, 0x8E, 0x82, 0x96, 0x9E, 0xA6, 0xA6,
    0xA6, 0x96, 0x96, 0x92, 0x8E, 0x9E, 0xB2, 0xAE, 0x9E, 0x9E, 0x9E, 0x96, 0x8A, 0x96, 0x92, 0x9E,
    0x96, 0x8A, 0x82, 0x7A, 0x76, 0x6A, 0x76, 0x76, 0x7E, 0x7E, 0x72, 0x66, 0x62, 0x52, 0x52, 0x5E,
    0x6A, 0x66, 0x6A, 0x66, 0x52, 0x4E, 0x46, 0x4E, 0x5A, 0x66, 0x66, 0x62, 0x62, 0x5E, 0x56, 0x56,
    0x5A, 0x66, 0x5E, 0x72, 0x72, 0x72, 0x7A, 0x66, 0x72, 0x82, 0x92, 0x96, 0x96, 0x8E, 0x86, 0x86,
    0x8A, 0x92, 0x9E, 0xAA, 0xA6, 0x9E, 0x9E, 0x9E, 0x9E, 0x9E, 0xA6, 0xA6, 0xAE, 0xAE, 0xAE, 0x9E,
    0xA6, 0x8E, 0x92, 0x96, 0x9E, 0x96, 0x96, 0x92, 0x82, 0x7E, 0x7E, 0x86, 0x92, 0x96, 0x92, 0x8E,
    0x8A, 0x86, 0x76, 0x6E, 0x76, 0x76, 0x7A, 0x72, 0x6E, 0x62, 0x62, 0x4E, 0x52, 0x5A, 0x5E, 0x62,
    0x5E, 0x56, 0x52, 0x4A, 0x52, 0x5E, 0x6A, 0x76, 0x72, 0x76, 0x76, 0x72, 0x6A, 0x72, 0x7A, 0x7E,
    0x7E, 0x7E, 0x76, 0x76, 0x72, 0x66, 0x76, 0x82, 0x8A, 0x8A, 0x8A, 0x8A, 0x86, 0x7E, 0x7E, 0x8E,
    0x96, 0x9E, 0x96, 0x8E, 0x8A, 0x8A, 0x86, 0x8A, 0x8A, 0x8E, 0x92, 0x8E, 0x8A, 0x86, 0x7E, 0x72,
    0x7A, 0x8A, 0x8E, 0x8E, 0x8E, 0x86, 0x82, 0x7A, 0x82, 0x8E, 0x96, 0x8E, 0x8E, 0x8E, 0x8A, 0x86,
    0x86, 0x8A, 0x8A, 0x92, 0x96, 0x92, 0x8A, 0x8A, 0x76, 0x76, 0x86, 0x92, 0x96, 0x96, 0x8E, 0x82,
    0x82, 0x7E, 0x82, 0x82, 0x86, 0x82, 0x7A, 0x76, 0x72, 0x6A, 0x62, 0x62, 0x6A, 0x6E, 0x6E, 0x6A,
    0x6A, 0x6A, 0x56, 0x62, 0x72, 0x76, 0x72, 0x72, 0x6E, 0x6A, 0x62, 0x62, 0x66, 0x6E, 0x72, 0x6A,
    0x6A, 0x62, 0x66, 0x5E, 0x66, 0x72, 0x7A, 0x76, 0x7A, 0x7E, 0x7E, 0x82, 0x7A, 0x86, 0x92, 0x96,
    0x9E, 0x96, 0x92, 0x92, 0x8E, 0x8E, 0x92, 0x96, 0x9E, 0x9E, 0x9E, 0x96, 0x96, 0x96, 0x96, 0x9E,
    0x9E, 0xA6, 0x9E, 0x9E, 0x92, 0x92, 0x82, 0x82, 0x92, 0x96, 0x92, 0x8A, 0x82, 0x7E, 0x72, 0x76,
    0x7A, 0x7E, 0x86, 0x76, 0x6E, 0x66, 0x6A, 0x66, 0x66, 0x6A, 0x6A, 0x6E, 0x6A, 0x66, 0x5A, 0x56,
    0x56, 0x5E, 0x6A, 0x6A, 0x6E, 0x6E, 0x66, 0x6E, 0x66, 0x76, 0x82, 0x8A, 0x8A, 0x8A, 0x8E, 0x8E,
    0x8E, 0x8E, 0x92, 0x96, 0x96, 0x96, 0x96, 0x8E, 0x8A, 0x7E, 0x82, 0x86, 0x8E, 0x8E, 0x86, 0x7E,
    0x76, 0x72, 0x76, 0x7E, 0x7A, 0x82, 0x7A, 0x7E, 0x7E, 0x82, 0x7A, 0x7E, 0x86, 0x8A, 0x86, 0x82,
    0x7E, 0x7A, 0x7A, 0x6E, 0x72, 0x7A, 0x82, 0x82, 0x7E, 0x76, 0x72, 0x6A, 0x6A, 0x76, 0x7E, 0x86,
    0x7A, 0x7E, 0x7E, 0x7E, 0x7A, 0x86, 0x8A, 0x8E, 0x8E, 0x8E, 0x8A, 0x86, 0x86, 0x82, 0x8A, 0x8E,
    0x96, 0x96, 0x92, 0x86, 0x7E, 0x76, 0x76, 0x7A, 0x7E, 0x7E, 0x76, 0x76, 0x72, 0x72, 0x6A, 0x72,
    0x76, 0x7A, 0x7E, 0x7E, 0x7A, 0x7A, 0x72, 0x72, 0x82, 0x8A, 0x8E, 0x96, 0x96, 0x8E, 0x86, 0x82,
    0x82, 0x8A, 0x8E, 0x86, 0x86, 0x82, 0x7E, 0x7A, 0x76, 0x7E, 0x7E, 0x86, 0x8A, 0x82, 0x82, 0x82,
    0x76, 0x7A, 0x86, 0x8E, 0x92, 0x8A, 0x82, 0x7A, 0x72, 0x76, 0x7E, 0x86, 0x86, 0x7E, 0x7E, 0x7E,
    0x7E, 0x76, 0x7A, 0x7E, 0x7E, 0x82, 0x82, 0x7E, 0x76, 0x76, 0x6E, 0x7A, 0x7A, 0x7E, 0x7E, 0x7A,
    0x72, 0x6E, 0x62, 0x66, 0x66, 0x6A, 0x6E, 0x66, 0x66, 0x66, 0x62, 0x62, 0x62, 0x6A, 0x6E, 0x6E,
    0x72, 0x6E, 0x6E, 0x6A, 0x6E, 0x7A, 0x7E, 0x86, 0x8A, 0x8E, 0x82, 0x86, 0x86, 0x8A, 0x8E, 0x96,
    0x96, 0x96, 0x96, 0x96, 0x92, 0x92, 0x96, 0x96, 0x9E, 0x96, 0x96, 0x92, 0x92, 0x8A, 0x8A, 0x8E,
    0x96, 0x96, 0x96, 0x96, 0x8E, 0x8A, 0x8A, 0x8E, 0x92, 0x96, 0x8E, 0x8E, 0x8A, 0x8A, 0x86, 0x8A,
    0x8E, 0x92, 0x92, 0x92, 0x92, 0x8A, 0x8A, 0x82, 0x86, 0x8E, 0x8E, 0x8E, 0x86, 0x7E, 0x7A, 0x72,
    0x76, 0x7A, 0x7A, 0x7A, 0x76, 0x72, 0x6E, 0x6A, 0x5E, 0x6A, 0x6A, 0x6E, 0x72, 0x6E, 0x66, 0x66,
    0x5E, 0x62, 0x66, 0x6A, 0x6A, 0x72, 0x6A, 0x66, 0x52, 0x6A, 0x5E, 0x5A, 0x62, 0x6A, 0x6E, 0x6A,
    0x66, 0x62, 0x6E, 0x76, 0x6A, 0x7A, 0x62, 0x96, 0x8A, 0x8A, 0x56, 0x52, 0x5A, 0x6A, 0x76, 0x7E,
    0x8E, 0xA6, 0xDA, 0xAA, 0xEE, 0xB6, 0x7A, 0x52, 0x3A, 0x3E, 0x4E, 0x4E, 0x72, 0x82, 0x9E, 0x96,
    0xEA, 0xBA, 0xC2, 0xBA, 0xB6, 0x96, 0xAE, 0x96, 0x26, 0x7A, 0x6A, 0x7E, 0x4A, 0x7E, 0x82, 0xD6,
    0xCA, 0xC2, 0xCA, 0xB2, 0x4A, 0x8A, 0x52, 0x36, 0x4E, 0x7A, 0x7E, 0x96, 0xDE, 0xC2, 0xC2, 0xC2,
    0xAA, 0xB2, 0x5A, 0x96, 0x6, 0x6, 0x2, 0x3E, 0x16, 0x26, 0x7E, 0x42, 0xCA, 0x8A, 0xC2, 0xEE,
    0xF6, 0xE2, 0xCA, 0x9E, 0xAA, 0xA6, 0xB2, 0x9E, 0x32, 0x72, 0x86, 0x72, 0x26, 0x9E, 0x46, 0x2,
    0x76, 0x7E, 0x6A, 0x96, 0x82, 0x3E, 0x52, 0x86, 0x12, 0x76, 0x2A, 0x42, 0x8A, 0x3A, 0x9E, 0x4A,
    0x82, 0x52, 0x6A, 0x5E, 0x82, 0xCA, 0x66, 0xEE, 0xFE, 0xB6, 0xDE, 0x76, 0xEE, 0xB2, 0xC2, 0x96,
    0x5A, 0xA6, 0x5E, 0x72, 0x22, 0x96, 0x1A, 0x8E, 0x52, 0x6A, 0x5E, 0x3E, 0xB6, 0x7E, 0x46, 0xB2,
    0x3E, 0xC2, 0x72, 0x42, 0x92, 0x42, 0x5E, 0x62, 0x8E, 0x52, 0xCA, 0x62, 0x96, 0x96, 0xAE, 0x96,
    0x7A, 0xEE, 0x9E, 0x9E, 0x72, 0xC2, 0x82, 0xB2, 0x9E, 0x56, 0xBE, 0xC2, 0x4A, 0x8A, 0xAA, 0xE,
    0xB2, 0x52, 0x72, 0x3E, 0x32, 0xAE, 0x56, 0x66, 0x82, 0x76, 0x1A, 0xBE, 0x26, 0xA6, 0x46, 0x6E,
    0x96, 0x42, 0xCA, 0x3E, 0xC2, 0x96, 0x8A, 0x92, 0x86, 0xCA, 0x96, 0xBA, 0x36, 0x8E, 0xBA, 0x46,
    0x9E, 0x6A, 0x8A, 0xCA, 0x56, 0xBA, 0x6E, 0x6E, 0xAE, 0x76, 0x4A, 0x9E, 0x5E, 0x2A, 0x76, 0x32,
    0x5A, 0x52, 0x5A, 0x72, 0x6A, 0x96, 0x7A, 0x66, 0x8E, 0x86, 0x96, 0x82, 0x7A, 0x5E, 0x9E, 0x8E,
    0x76, 0xA6, 0x4E, 0xC2, 0xBE, 0x8E, 0x9E, 0x96, 0x76, 0x72, 0x86, 0x6A, 0x5E, 0x56, 0xAA, 0x7E,
    0x4A, 0x7E, 0x8A, 0x86, 0x7E, 0x6A, 0xAA, 0x7A, 0x9E, 0x76, 0x46, 0x9E, 0x76, 0x52, 0x86, 0x7E,
    0x92, 0x5E, 0xAE, 0x82, 0x76, 0x9E, 0x66, 0xB2, 0x6A, 0xB6, 0x8A, 0x6A, 0xBA, 0x92, 0x92, 0x86,
    0x7E, 0x96, 0x52, 0xAE, 0x72, 0x6E, 0x92, 0x66, 0x96, 0x6A, 0x7E, 0x46, 0x82, 0x5A, 0x86, 0x3E,
    0x7E, 0x9E, 0x4A, 0x96, 0x7A, 0x6E, 0x82, 0x76, 0x6E, 0x62, 0x7E, 0x66, 0x8E, 0x92, 0x66, 0xA6,
    0x5E, 0x92, 0x96, 0x66, 0xB6, 0xA6, 0x9E, 0x82, 0xB6, 0x5E, 0xC2, 0x5E, 0x7E, 0x96, 0x62, 0x8A,
    0x6A, 0x96, 0x5E, 0x76, 0x92, 0x66, 0x66, 0x7A, 0x5A, 0x6A, 0x62, 0x7E, 0x7E, 0x7E, 0x7A, 0x52,
    0x82, 0x7A, 0x96, 0x82, 0xAA, 0x92, 0x92, 0x5A, 0x9E, 0x5A, 0x9E, 0x5E, 0x66, 0xA6, 0x92, 0x52,
    0x9E, 0x8E, 0x8E, 0x6E, 0x7E, 0x66, 0x8E, 0x76, 0x72, 0x7A, 0x7A, 0x6E, 0x96, 0x92, 0x8E, 0x5E,
    0x86, 0x4E, 0x7E, 0x56, 0x4E, 0x8A, 0x66, 0x5E, 0xA6, 0x3E, 0xB2, 0x56, 0x92, 0x9E, 0x92, 0xA6,
    0x8A, 0x8A, 0x96, 0xB2, 0x5A, 0x9E, 0x8A, 0x6E, 0x6A, 0x96, 0x7E, 0x52, 0x8E, 0x62, 0x66, 0x6A,
    0x76, 0x72, 0x52, 0x8E, 0x52, 0x8A, 0x72, 0x86, 0x72, 0x7E, 0x96, 0x62, 0x6E, 0x86, 0x5E, 0x8A,
    0x5E, 0x96, 0x7A, 0x56, 0x8A, 0x7E, 0x82, 0x62, 0x8E, 0x82, 0xB6, 0x86, 0x8E, 0xB6, 0x8A, 0x96,
    0x6A, 0x9E, 0x62, 0x96, 0x7E, 0x76, 0x76, 0x6A, 0x76, 0x72, 0x7E, 0x6E, 0x8E, 0x46, 0x7A, 0x6A,
    0x7E, 0x62, 0x6E, 0x7A, 0x4E, 0x82, 0x7A, 0x72, 0x72, 0x82, 0x92, 0x8E, 0x96, 0x8E, 0x86, 0x8E,
    0x7A, 0x86, 0x6A, 0x7E, 0x8E, 0x82, 0x62, 0x86, 0x7E, 0x5A, 0x82, 0x5A, 0x9E, 0x6A, 0x8A, 0x7E,
    0x86, 0x8A, 0x6A, 0x72, 0x72, 0x72, 0x62, 0x76, 0x6E, 0x6E, 0x5A, 0x82, 0x52, 0x96, 0x7E, 0x8E,
    0x7E, 0x7E, 0x6E, 0x82, 0x72, 0x76, 0x96, 0x6A, 0x8E, 0x82, 0x9E, 0xA6, 0x8E, 0x8A, 0x92, 0x9E,
    0x92, 0x7A, 0x9E, 0x6A, 0x6A, 0x72, 0x62, 0x6A, 0x72, 0x66, 0x72, 0x7E, 0x66, 0x92, 0x6E, 0x7E,
    0x76, 0x6E, 0x7E, 0x76, 0x7E, 0x7E, 0x6A, 0x96, 0x76, 0x9E, 0x7E, 0x9E, 0x72, 0xAE, 0x82, 0x86,
    0x7A, 0x86, 0x7E, 0x86, 0x8E, 0x8A, 0x6A, 0x8A, 0x86, 0x86, 0x96, 0x8E, 0x92, 0x7E, 0x5E, 0x7A,
    0x66, 0x6E, 0x5A, 0x76, 0x82, 0x82, 0x4E, 0x82, 0x76, 0x66, 0x86, 0x7E, 0x86, 0x6E, 0x96, 0x86,
    0x7A, 0x82, 0x5E, 0x76, 0x82, 0x82, 0x7E, 0x96, 0x8E, 0x8A, 0x96, 0x96, 0x7E, 0x9E, 0x82, 0x7E,
    0x82, 0x7E, 0x7E, 0x7E, 0x7E, 0x86, 0x76, 0x7A, 0x7A, 0x66, 0x86, 0x5A, 0x72, 0x7A, 0x6E, 0x7A,
    0x5E, 0x6A, 0x6A, 0x72, 0x82, 0x72, 0x8E, 0x86, 0x8E, 0x82, 0x82, 0x82, 0x8A, 0x6E, 0x86, 0x8A,
    0x86, 0x96, 0x92, 0x82, 0x8A, 0x7E, 0x82, 0x7A, 0x8E, 0x82, 0x76, 0x7A, 0x6A, 0x8A, 0x4E, 0x7A,
    0x72, 0x76, 0x72, 0x76, 0x82, 0x82, 0x72, 0x82, 0x7E, 0x6E, 0x9E, 0x72, 0x8A, 0x72, 0x76, 0x6E,
    0x7E, 0x76, 0x6A, 0x82, 0x8E, 0x76, 0x92, 0x82, 0x82, 0x96, 0x7E, 0x7A, 0x92, 0x72, 0x72, 0x7E,
    0x82, 0x6E, 0x8A, 0x8E, 0x7E, 0x8E, 0x7E, 0x82, 0x7E, 0x72, 0x82, 0x7E, 0x8A, 0x6E, 0x82, 0x8E,
    0x86, 0x6A, 0x7A, 0x92, 0x7E, 0x82, 0x82, 0x6E, 0x8E, 0x72, 0x8A, 0x76, 0x92, 0x96, 0x82, 0x92,
    0x82, 0x7A, 0x8A, 0x7E, 0x9E, 0x82, 0x8A, 0x8E, 0x7A, 0x6E, 0x7A, 0x6E, 0x72, 0x7E, 0x82, 0x96,
    0x8E, 0x82, 0x82, 0x8E, 0x6E, 0x8A, 0x7E, 0x72, 0x76, 0x6E, 0x6A, 0x6E, 0x7A, 0x6A, 0x96, 0x6A,
    0x96, 0x7A, 0x8A, 0x86, 0x7E, 0x82, 0x7A, 0x8E, 0x76, 0x8A, 0x7A, 0x82, 0x8A, 0x7E, 0x86, 0x82,
    0x96, 0x82, 0x7E, 0x86, 0x76, 0x82, 0x6E, 0x72, 0x82, 0x82, 0x82, 0x66, 0x8A, 0x76, 0x7E, 0x76,
    0x8A, 0x82, 0x76, 0x86, 0x82, 0x72, 0x66, 0x8A, 0x7E, 0xB2, 0x5E, 0xB6, 0x5E, 0x82, 0x66, 0x8E,
    0xBA, 0x96, 0xB2, 0x5E, 0x8E, 0x52, 0x66, 0x96, 0x6E, 0xB6, 0xAA, 0x9E, 0x62, 0x62, 0x42, 0x52,
    0x72, 0x76, 0x9E, 0xA6, 0xA6, 0x62, 0x7E, 0x4E, 0x66, 0x92, 0x8E, 0xC2, 0x8A, 0xA6, 0x5A, 0x72,
    0x62, 0x4E, 0x8E, 0x96, 0xAA, 0x92, 0x9E, 0x7E, 0x6E, 0x56, 0x6A, 0x6E, 0x96, 0x96, 0xAA, 0x86,
    0x8E, 0x62, 0x62, 0x5E, 0x5E, 0x8E, 0x96, 0xAA, 0x8E, 0x86, 0x62, 0x72, 0x4E, 0x72, 0x7A, 0x92,
    0xA6, 0x96, 0x92, 0x92, 0x8A, 0x62, 0x8E, 0x82, 0x7E, 0x8A, 0x96, 0x6E, 0x7E, 0x82, 0x6E, 0x72,
    0x7E, 0x7E, 0x76, 0x92, 0x7E, 0x7E, 0x86, 0x7E, 0x6E, 0x72, 0x6E, 0x6E, 0x6A, 0x86, 0x8A, 0x8A,
    0x8E, 0x72, 0x7A, 0x7E, 0x82, 0x8E, 0x82, 0x9E, 0x92, 0x9E, 0x8E, 0x82, 0x66, 0x7E, 0x62, 0x76,
    0x8E, 0x86, 0x96, 0x7E, 0x7A, 0x6E, 0x4E, 0x82, 0x7A, 0x8A, 0x96, 0x82, 0x96, 0x7E, 0x6A, 0x76,
    0x6A, 0x82, 0x7E, 0x8A, 0x86, 0x8A, 0x7E, 0x66, 0x72, 0x5E, 0x6E, 0x8A, 0x82, 0x9E, 0x92, 0x8A,
    0x76, 0x7A, 0x72, 0x72, 0x82, 0x82, 0x76, 0x86, 0x86, 0x72, 0x66, 0x72, 0x76, 0x6A, 0x82, 0x9E,
    0x7E, 0x92, 0x7E, 0x76, 0x7A, 0x82, 0x76, 0x72, 0x8E, 0x7E, 0x72, 0x7E, 0x5E, 0x6A, 0x62, 0x6A,
    0x7A, 0x7A, 0x86, 0x7A, 0x86, 0x76, 0x76, 0x82, 0x86, 0x82, 0x8E, 0x96, 0x7A, 0x82, 0x8A, 0x8A,
    0x7E, 0x7E, 0x8A, 0x76, 0x6E, 0x8A, 0x6A, 0x8E, 0x86, 0x8A, 0x82, 0x96, 0x96, 0x66, 0x96, 0x76,
    0x8A, 0x8E, 0x7A, 0x8A, 0x82, 0x7E, 0x66, 0x7E, 0x82, 0x76, 0x96, 0x76, 0x92, 0x7A, 0x9E, 0x6E,
    0x8A, 0x86, 0x92, 0x8A, 0x96, 0x92, 0x96, 0x7E, 0x8E, 0x76, 0x86, 0x7A, 0x7A, 0x8E, 0x7A, 0x7E,
    0x86, 0x7E, 0x76, 0x6E, 0x76, 0x7E, 0x7A, 0x86, 0x66, 0x76, 0x6A, 0x72, 0x76, 0x76, 0x6E, 0x86,
    0x72, 0x82, 0x7E, 0x6A, 0x76, 0x76, 0x82, 0x7A, 0x86, 0x82, 0x7E, 0x7A, 0x6E, 0x82, 0x82, 0x76,
    0x7E, 0x82, 0x7E, 0x72, 0x96, 0x5E, 0x92, 0x72, 0x7E, 0x7A, 0x7A, 0x7E, 0x7A, 0x7A, 0x52, 0x72,
    0x66, 0x5A, 0x8A, 0x76, 0x72, 0x86, 0x7E, 0x8A, 0x72, 0x7A, 0x7E, 0x76, 0x82, 0x96, 0x7E, 0x96,
    0x8E, 0x86, 0x76, 0x8A, 0x7E, 0x8E, 0x8A, 0x82, 0x96, 0x8A, 0x92, 0x82, 0x86, 0x82, 0x86, 0x8A,
    0x92, 0x7A, 0x82, 0x7E, 0x8A, 0x76, 0x86, 0x86, 0x82, 0x8E, 0x82, 0x8A, 0x62, 0x9E, 0x72, 0x96,
    0x82, 0x8A, 0x92, 0x86, 0x7A, 0x7E, 0x7A, 0x86, 0x76, 0x8E, 0x6A, 0x8A, 0x8E, 0x6E, 0x8E, 0x8A,
    0x86, 0x82, 0x86, 0x86, 0x8E, 0x8A, 0x96, 0x7E, 0x7E, 0x8A, 0x86, 0x7E, 0x72, 0x72, 0x82, 0x5A,
    0x6E, 0x7A, 0x6A, 0x7E, 0x76, 0x7E, 0x6A, 0x7A, 0x82, 0x7A, 0x7E, 0x7A, 0x7A, 0x7A, 0x72, 0x62,
    0x7E, 0x8A, 0x5A, 0x96, 0x6E, 0x9E, 0x6E, 0x9E, 0x82, 0x7E, 0x82, 0x7E, 0x86, 0x72, 0x72, 0x82,
    0x76, 0x7E, 0x6A, 0x6A, 0x72, 0x6A, 0x72, 0x72, 0x8A, 0x72, 0x76, 0x7E, 0x76, 0x72, 0x76, 0x7A,
    0x6E, 0x7A, 0x6E, 0x72, 0x96, 0x72, 0x7E, 0x8A, 0x76, 0x92, 0x86, 0x96, 0x7E, 0x82, 0x96, 0x8A,
    0x86, 0x86, 0x8E, 0x86, 0x92, 0x7A, 0x86, 0x7A, 0x72, 0x9E, 0x5E, 0x82, 0x76, 0x7E, 0x7E, 0x76,
    0x7A, 0x7A, 0x8E, 0x76, 0x7A, 0x96, 0x72, 0x8A, 0x86, 0x86, 0x8E, 0x7A, 0x7E, 0x82, 0x8A, 0x7A,
    0x82, 0x92, 0x82, 0x96, 0x8A, 0x86, 0xA6, 0x8A, 0x96, 0x82, 0x92, 0x7E, 0x92, 0x7A, 0x86, 0x8E,
    0x82, 0x8A, 0x86, 0x7A, 0x7E, 0x76, 0x76, 0x72, 0x72, 0x76, 0x72, 0x82, 0x7A, 0x6A, 0x76, 0x82,
    0x76, 0x86, 0x6E, 0x8A, 0x92, 0x86, 0x7A, 0x9E, 0x72, 0x7E, 0x7E, 0x86, 0x86, 0x7E, 0x86, 0x7E,
    0x82, 0x76, 0x7E, 0x6A, 0x8A, 0x6E, 0x76, 0x6A, 0x86, 0x7A, 0x6A, 0x72, 0x76, 0x8A, 0x6E, 0x76,
    0x6E, 0x7A, 0x5E, 0x76, 0x62, 0x66, 0x6E, 0x72, 0x76, 0x6E, 0x7A, 0x7A, 0x86, 0x7E, 0x6E, 0x8A,
    0x86, 0x7E, 0x8E, 0x7A, 0x8E, 0x82, 0x92, 0x72, 0x8E, 0x7A, 0x7A, 0x92, 0x6E, 0x96, 0x7A, 0x7E,
    0x86, 0x82, 0x82, 0x7E, 0x96, 0x76, 0x8E, 0x86, 0x8E, 0x76, 0x82, 0x86, 0x7E, 0x72, 0x7A, 0x86,
    0x7E, 0x7E, 0x86, 0x8A, 0x76, 0x92, 0x7E, 0x9E, 0x6E, 0x9E, 0x8A, 0x8A, 0x96, 0x8E, 0x8E, 0x7A,
    0x8E, 0x8E, 0x92, 0x82, 0x76, 0x96, 0x7E, 0x82, 0x8A, 0x7A, 0x96, 0x6E, 0x8A, 0x86, 0x7A, 0x7E,
    0x6A, 0x8A, 0x66, 0x7A, 0x76, 0x6E, 0x7E, 0x62, 0x86, 0x66, 0x92, 0x76, 0x7A, 0x92, 0x76, 0x82,
    0x76, 0x8A, 0x76, 0x8A, 0x76, 0x7A, 0x7A, 0x72, 0x5E, 0x7E, 0x62, 0x76, 0x86, 0x6E, 0x8E, 0x72,
    0x96, 0x76, 0x82, 0x7A, 0x82, 0x7A, 0x86, 0x7E, 0x62, 0x92, 0x72, 0x7E, 0x7E, 0x7E, 0x76, 0x82,
    0x86, 0x82, 0x6A, 0x92, 0x7E, 0x8E, 0x72, 0x96, 0x6A, 0x8E, 0x7E, 0x7A, 0x96, 0x7E, 0x6A, 0x72,
    0x92, 0x7A, 0x76, 0x92, 0x82, 0x86, 0x82, 0x96, 0x76, 0x86, 0x82, 0x7A, 0x82, 0x76, 0x92, 0x6E,
    0x92, 0x62, 0x8A, 0x7A, 0x86, 0x76, 0x72, 0x82, 0x82, 0x72, 0x8E, 0x6A, 0x8A, 0x72, 0x86, 0x7A,
    0x86, 0x86, 0x76, 0x8E, 0x7A, 0x7E, 0x86, 0x7E, 0x86, 0x86, 0x82, 0x8A, 0x86, 0x8A, 0x7E, 0x86,
    0x82, 0x7A, 0x8A, 0x8A, 0x7A, 0x86, 0x86, 0x72, 0x72, 0x86, 0x6E, 0x8E, 0x82, 0x86, 0x76, 0x72,
    0x96, 0x6E, 0x92, 0x76, 0x96, 0x6A, 0x82, 0x82, 0x72, 0x7E, 0x7A, 0x82, 0x7E, 0x7A, 0x7A, 0x86,
    0x76, 0x82, 0x82, 0x7A, 0x82, 0x8E, 0x7E, 0x92, 0x7A, 0x8A, 0x7E, 0x7E, 0x86, 0x6E, 0x82, 0x72,
    0x86, 0x76, 0x6A, 0x6A, 0x76, 0x8E, 0x62, 0x8A, 0x7E, 0x7E, 0x8E, 0x76, 0x76, 0x62, 0x76, 0x6E,
    0x7E, 0x5E, 0x76, 0x82, 0x6A, 0x7E, 0x96, 0x7E, 0x96, 0x96, 0x8E, 0x6E, 0x4E, 0x7E, 0x72, 0x8A,
    0x8E, 0x7A, 0x6E, 0x7A, 0x6A, 0xCA, 0x22, 0x9E, 0x4A, 0x82, 0x7A, 0xBA, 0x8A, 0x72, 0x7E, 0xBE,
    0xBE, 0x82, 0x76, 0xC2, 0xB6, 0x6A, 0x8E, 0xEA, 0x7A, 0x4E, 0x96, 0x6A, 0x96, 0x96, 0x76, 0xAA,
    0x62, 0xA6, 0x6E, 0x92, 0x82, 0x6A, 0x76, 0x76, 0x6E, 0x6E, 0x76, 0x8A, 0x76, 0x96, 0x32, 0x92,
    0x56, 0xB6, 0x62, 0x7E, 0x7A, 0x3E, 0xBA, 0x66, 0x62, 0xF6, 0x32, 0x8E, 0xD6, 0x42, 0xBA, 0x8A,
    0x76, 0xE2, 0x9E, 0x6A, 0xCA, 0x86, 0x9E, 0xA6, 0xDE, 0x3A, 0x82, 0xB2, 0x8E, 0x82, 0x9E, 0xBE,
    0x52, 0xAE, 0x9E, 0x92, 0x5A, 0x92, 0xAE, 0x5A, 0x86, 0x72, 0x8A, 0x3E, 0x72, 0x8A, 0x4A, 0x26,
    0x22, 0x7A, 0xA6, 0x92, 0x9E, 0xEE, 0xEE, 0xD6, 0xA6, 0x72, 0x36, 0x2A, 0x2E, 0x2A, 0x3A, 0x56,
    0x52, 0x32, 0x3E, 0x4A, 0x52, 0x5A, 0x7A, 0x7E, 0x62, 0x66, 0x76, 0x72, 0x7E, 0xAE, 0x8A, 0xCA,
    0xBE, 0xEE, 0xE6, 0xF2, 0xDA, 0xBA, 0xCA, 0xD6, 0xCA, 0xBE, 0xB2, 0x9E, 0xA6, 0x6E, 0x8A, 0x9E,
    0x96, 0x76, 0x8A, 0x5E, 0x6E, 0x56, 0x2E, 0x5E, 0x4E, 0x82, 0x56, 0x5E, 0x3E, 0x2A, 0x1E, 0x32,
    0x5E, 0x62, 0x56, 0x6E, 0x46, 0x4A, 0x46, 0x5E, 0x52, 0x86, 0x66, 0x6E, 0x7E, 0x5E, 0x8E, 0x6A,
    0x7E, 0x86, 0x7E, 0xA6, 0x96, 0x96, 0x9E, 0x92, 0x6E, 0x9E, 0x9E, 0xB6, 0xCA, 0xAA, 0x9E, 0x9E,
    0x96, 0x86, 0xAA, 0xBE, 0xB6, 0x9E, 0xB6, 0xA6, 0x9E, 0x9E, 0xAE, 0x96, 0xAA, 0xAE, 0x9E, 0x96,
    0x7E, 0x82, 0x6A, 0x82, 0x7E, 0x8A, 0x86, 0x7A, 0x66, 0x5E, 0x56, 0x62, 0x5E, 0x66, 0x66, 0x66,
    0x52, 0x5A, 0x4E, 0x4E, 0x5E, 0x56, 0x5A, 0x5E, 0x56, 0x4E, 0x4A, 0x3A, 0x3E, 0x46, 0x5A, 0x5E,
    0x5A, 0x5E, 0x66, 0x6A, 0x6E, 0x6E, 0x72, 0x76, 0x76, 0x76, 0x76, 0x7A, 0x7A, 0x7A, 0x82, 0x8A,
    0x8E, 0x92, 0x92, 0x92, 0x8A, 0x8E, 0x96, 0x9E, 0xAA, 0xAE, 0xAE, 0xA6, 0x9E, 0xA6, 0xA6, 0xB6,
    0xB6, 0xB6, 0xB6, 0xB2, 0xB2, 0xB2, 0x9E, 0xB6, 0xB6, 0xBE, 0xB6, 0xAE, 0xA6, 0x9E, 0x96, 0x96,
    0x92, 0x8E, 0x8A, 0x8A, 0x8A, 0x86, 0x86, 0x86, 0x86, 0x7E, 0x86, 0x7E, 0x6E, 0x72, 0x62, 0x5E,
    0x56, 0x5A, 0x56, 0x62, 0x5E, 0x5A, 0x56, 0x5A, 0x46, 0x5A, 0x52, 0x62, 0x62, 0x62, 0x5A, 0x4E,
    0x4A, 0x52, 0x5A, 0x66, 0x72, 0x66, 0x6E, 0x62, 0x72, 0x6A, 0x72, 0x82, 0x7E, 0x82, 0x8A, 0x82,
    0x7E, 0x7A, 0x6E, 0x7A, 0x7A, 0x86, 0x7A, 0x7A, 0x72, 0x76, 0x62, 0x6E, 0x7A, 0x7E, 0x82, 0x7E,
    0x7A, 0x7A, 0x72, 0x76, 0x86, 0x82, 0x8E, 0x8E, 0x82, 0x82, 0x76, 0x72, 0x76, 0x7E, 0x8A, 0x86,
    0x92, 0x86, 0x86, 0x86, 0x86, 0x8A, 0x92, 0x9E, 0x96, 0x96, 0x8E, 0x92, 0x86, 0x8A, 0x8A, 0x8E,
    0x8E, 0x96, 0x8E, 0x8A, 0x8A, 0x82, 0x86, 0x8E, 0x92, 0x9E, 0x96, 0x96, 0x8E, 0x8E, 0x92, 0x96,
    0x9E, 0x9E, 0x9E, 0x9E, 0x96, 0x96, 0x92, 0x92, 0x96, 0x96, 0x92, 0x8E, 0x8E, 0x8E, 0x86, 0x82,
    0x82, 0x8E, 0x8E, 0x96, 0x8E, 0x7A, 0x7E, 0x6A, 0x7A, 0x76, 0x7E, 0x7A, 0x76, 0x6E, 0x6A, 0x6A,
    0x62, 0x6A, 0x6A, 0x6E, 0x6E, 0x6E, 0x66, 0x6A, 0x5E, 0x62, 0x72, 0x7A, 0x7A, 0x7E, 0x7A, 0x72,
    0x76, 0x76, 0x76, 0x7E, 0x86, 0x7A, 0x7A, 0x7A, 0x76, 0x6A, 0x66, 0x6A, 0x6A, 0x6A, 0x66, 0x6A,
    0x66, 0x5E, 0x52, 0x5A, 0x66, 0x6A, 0x72, 0x72, 0x66, 0x62, 0x5A, 0x62, 0x6A, 0x6E, 0x72, 0x6E,
    0x6A, 0x62, 0x66, 0x62, 0x66, 0x72, 0x6E, 0x72, 0x72, 0x76, 0x76, 0x76, 0x76, 0x7A, 0x7E, 0x86,
    0x8A, 0x8E, 0x8A, 0x8A, 0x8A, 0x8E, 0x92, 0x9E, 0x9E, 0x9E, 0x9E, 0x9E, 0x96, 0x96, 0x9E, 0x9E,
    0x9E, 0xA6, 0x9E, 0x9E, 0x9E, 0x9E, 0x9E, 0xA6, 0x9E, 0xAA, 0x9E, 0x9E, 0x96, 0x9E, 0x96, 0x9E,
    0x9E, 0xAA, 0x9E, 0x9E, 0x9E, 0x9E, 0x96, 0x96, 0x96, 0x96, 0x96, 0x92, 0x8E, 0x8E, 0x86, 0x7E,
    0x82, 0x82, 0x8A, 0x86, 0x7A, 0x7A, 0x6E, 0x6E, 0x66, 0x6E, 0x6A, 0x72, 0x6A, 0x6A, 0x6A, 0x66,
    0x66, 0x6A, 0x6A, 0x6A, 0x6E, 0x6E, 0x6E, 0x66, 0x66, 0x62, 0x66, 0x6A, 0x6E, 0x6E, 0x6A, 0x66,
    0x62, 0x62, 0x5E, 0x66, 0x66, 0x6A, 0x66, 0x66, 0x62, 0x62, 0x62, 0x5A, 0x62, 0x66, 0x6A, 0x6A,
    0x6A, 0x62, 0x5E, 0x62, 0x66, 0x6A, 0x6E, 0x6A, 0x6A, 0x66, 0x6A, 0x6E, 0x6E, 0x72, 0x76, 0x76,
    0x76, 0x7A, 0x7A, 0x7A, 0x7A, 0x7E, 0x82, 0x86, 0x8E, 0x8E, 0x8E, 0x96, 0x8E, 0x96, 0x96, 0x9E,
    0xA6, 0xA6, 0x9E, 0xA6, 0x9E, 0x9E, 0x9E, 0xA6, 0xAA, 0x9E, 0x9E, 0x9E, 0x96, 0x96, 0x9E, 0x9E,
    0x96, 0x9E, 0x96, 0x96, 0x96, 0x92, 0x92, 0x96, 0x96, 0x9E, 0x9E, 0x96, 0x96, 0x96, 0x8E, 0x92,
    0x96, 0x9E, 0x96, 0x92, 0x92, 0x8A, 0x82, 0x82, 0x86, 0x8A, 0x86, 0x82, 0x7A, 0x7A, 0x76, 0x6E,
    0x72, 0x72, 0x7E, 0x7A, 0x7A, 0x76, 0x72, 0x6A, 0x6A, 0x6E, 0x72, 0x72, 0x6E, 0x6A, 0x66, 0x66,
    0x62, 0x66, 0x6A, 0x6A, 0x6A, 0x6A, 0x66, 0x62, 0x62, 0x5E, 0x5E, 0x66, 0x6A, 0x6E, 0x6A, 0x6A,
    0x66, 0x66, 0x66, 0x6A, 0x72, 0x72, 0x72, 0x72, 0x72, 0x6E, 0x6A, 0x6A, 0x72, 0x72, 0x76, 0x72,
    0x76, 0x72, 0x6E, 0x6A, 0x72, 0x7A, 0x7A, 0x7E, 0x7A, 0x76, 0x72, 0x6E, 0x76, 0x7E, 0x7E, 0x82,
    0x7E, 0x7E, 0x7E, 0x7E, 0x82, 0x8A, 0x8E, 0x92, 0x96, 0x96, 0x96, 0x96, 0x8E, 0x92, 0x96, 0x96,
    0x96, 0x96, 0x92, 0x8A, 0x8A, 0x86, 0x8A, 0x92, 0x92, 0x92, 0x92, 0x96, 0x96, 0x92, 0x96, 0x9E,
    0x9E, 0x9E, 0x9E, 0x9E, 0x9E, 0x9E, 0x96, 0x96, 0x9E, 0x9E, 0xA6, 0x9E, 0x9E, 0x96, 0x92, 0x92,
    0x9E, 0x8E, 0x8A, 0x8A, 0x96, 0x66, 0x7A, 0x76, 0x72, 0x8E, 0x66, 0x7A, 0x96, 0x8A, 0x86, 0x76,
    0x52, 0x52, 0x5A, 0x72, 0x6E, 0x86, 0x82, 0x6A, 0x56, 0x5E, 0x4E, 0x56, 0x5A, 0x6A, 0x6E, 0x7A,
    0x6A, 0x52, 0x62, 0x46, 0x4E, 0x52, 0x6A, 0x72, 0x7A, 0x76, 0x62, 0x5A, 0x56, 0x4E, 0x5A, 0x6A,
    0x7A, 0x72, 0x6E, 0x66, 0x66, 0x5A, 0x5E, 0x5E, 0x66, 0x7E, 0x7E, 0x82, 0x72, 0x76, 0x6E, 0x66,
    0x6A, 0x72, 0x82, 0x7A, 0x86, 0x7E, 0x82, 0x7E, 0x76, 0x7A, 0x72, 0x8A, 0x82, 0x8A, 0x8E, 0x8A,
    0x8E, 0x82, 0x7E, 0x82, 0x82, 0x8E, 0x8E, 0x9E, 0x96, 0x96, 0x92, 0x8A, 0x7E, 0x8E, 0x8A, 0x96,
    0x96, 0x9E, 0x9E, 0x96, 0x92, 0x8A, 0x8E, 0x8E, 0x92, 0x96, 0x96, 0x9E, 0x96, 0x92, 0x86, 0x86,
    0x8E, 0x92, 0x92, 0x96, 0x9E, 0x92, 0x96, 0x86, 0x8A, 0x7E, 0x8A, 0x8A, 0x92, 0x96, 0x8E, 0x96,
    0x86, 0x86, 0x7E, 0x82, 0x8A, 0x86, 0x96, 0x8E, 0x8E, 0x86, 0x82, 0x7A, 0x72, 0x7A, 0x72, 0x86,
    0x82, 0x7E, 0x7A, 0x7E, 0x6E, 0x72, 0x6E, 0x6A, 0x72, 0x72, 0x7A, 0x6E, 0x72, 0x6E, 0x62, 0x66,
    0x62, 0x6A, 0x66, 0x72, 0x6E, 0x6A, 0x6A, 0x66, 0x62, 0x5E, 0x66, 0x62, 0x6E, 0x76, 0x72, 0x72,
    0x66, 0x62, 0x62, 0x62, 0x5E, 0x72, 0x76, 0x76, 0x76, 0x6E, 0x66, 0x5E, 0x72, 0x66, 0x7E, 0x76,
    0x82, 0x76, 0x6A, 0x6A, 0x62, 0x76, 0x6A, 0x82, 0x76, 0x82, 0x76, 0x72, 0x7E, 0x66, 0x86, 0x7E,
    0x86, 0x7A, 0x7E, 0x82, 0x82, 0x86, 0x8A, 0x92, 0x8A, 0x96, 0x86, 0x8E, 0x8A, 0x96, 0x8E, 0x92,
    0x96, 0x92, 0x96, 0x92, 0x92, 0x92, 0x8E, 0x96, 0x92, 0x9E, 0x96, 0x96, 0x92, 0x8E, 0x96, 0x8E,
    0x96, 0x96, 0x9E, 0x96, 0x92, 0x8E, 0x8E, 0x8E, 0x8A, 0x92, 0x96, 0x9E, 0x92, 0x92, 0x8A, 0x86,
    0x86, 0x8A, 0x96, 0x96, 0x96, 0x92, 0x86, 0x86, 0x82, 0x82, 0x86, 0x8E, 0x92, 0x8A, 0x86, 0x82,
    0x7A, 0x76, 0x72, 0x7A, 0x7E, 0x82, 0x82, 0x7A, 0x72, 0x72, 0x6A, 0x6A, 0x6E, 0x72, 0x76, 0x72,
    0x6E, 0x6E, 0x66, 0x66, 0x6A, 0x6A, 0x6E, 0x72, 0x72, 0x6E, 0x6E, 0x66, 0x6A, 0x6A, 0x72, 0x72,
    0x76, 0x72, 0x6E, 0x6A, 0x66, 0x6A, 0x6E, 0x6E, 0x72, 0x72, 0x72, 0x6E, 0x6E, 0x6E, 0x6E, 0x72,
    0x72, 0x76, 0x76, 0x76, 0x76, 0x6A, 0x72, 0x76, 0x7A, 0x7A, 0x7E, 0x7A, 0x7A, 0x76, 0x76, 0x7A,
    0x7E, 0x82, 0x82, 0x82, 0x7E, 0x82, 0x7E, 0x82, 0x86, 0x86, 0x8A, 0x8A, 0x86, 0x86, 0x86, 0x7E,
    0x8A, 0x8A, 0x8E, 0x92, 0x8E, 0x8A, 0x8A, 0x86, 0x8A, 0x8E, 0x92, 0x96, 0x8E, 0x8E, 0x8E, 0x8E,
    0x8A, 0x8A, 0x92, 0x92, 0x96, 0x92, 0x92, 0x92, 0x8A, 0x8A, 0x8E, 0x92, 0x96, 0x96, 0x92, 0x8E,
    0x8A, 0x8A, 0x86, 0x8E, 0x8E, 0x8E, 0x8E, 0x8A, 0x8E, 0x86, 0x8A, 0x86, 0x8A, 0x8A, 0x8A, 0x8A,
    0x86, 0x86, 0x7E, 0x7E, 0x86, 0x86, 0x86, 0x82, 0x82, 0x7A, 0x7A, 0x7A, 0x7A, 0x7E, 0x7E, 0x7A,
    0x76, 0x76, 0x76, 0x72, 0x76, 0x76, 0x76, 0x76, 0x76, 0x6E, 0x6E, 0x6A, 0x6A, 0x6E, 0x72, 0x76,
    0x72, 0x72, 0x6A, 0x6A, 0x66, 0x6A, 0x6E, 0x72, 0x76, 0x72, 0x6E, 0x6E, 0x6E, 0x6A, 0x6E, 0x72,
    0x76, 0x76, 0x72, 0x76, 0x6E, 0x6E, 0x6A, 0x72, 0x7A, 0x7A, 0x7E, 0x7A, 0x76, 0x72, 0x6E, 0x72,
    0x76, 0x7E, 0x82, 0x7E, 0x7E, 0x7A, 0x7A, 0x76, 0x7A, 0x7E, 0x82, 0x86, 0x86, 0x82, 0x82, 0x7E,
    0x7E, 0x82, 0x86, 0x8A, 0x8E, 0x8E, 0x8A, 0x8A, 0x86, 0x86, 0x8A, 0x8E, 0x92, 0x8E, 0x92, 0x8E,
    0x8E, 0x8E, 0x8E, 0x92, 0x92, 0x92, 0x92, 0x8E, 0x8E, 0x8A, 0x8A, 0x8E, 0x8E, 0x92, 0x92, 0x8E,
    0x8A, 0x8A, 0x8A, 0x8A, 0x8E, 0x92, 0x8E, 0x8E, 0x86, 0x8A, 0x86, 0x86, 0x8A, 0x8A, 0x8E, 0x8A,
    0x86, 0x82, 0x82, 0x7E, 0x82, 0x86, 0x8A, 0x86, 0x82, 0x82, 0x7A, 0x7A, 0x7A, 0x7E, 0x82, 0x7E,
    0x7E, 0x7A, 0x76, 0x76, 0x76, 0x76, 0x76, 0x7A, 0x7A, 0x76, 0x72, 0x72, 0x6E, 0x6E, 0x72, 0x76,
    0x76, 0x76, 0x72, 0x6E, 0x6E, 0x6A, 0x6E, 0x72, 0x76, 0x72, 0x72, 0x72, 0x72, 0x6E, 0x6E, 0x72,
    0x76, 0x76, 0x76, 0x76, 0x72, 0x76, 0x6E, 0x76, 0x76, 0x7A, 0x7E, 0x7E, 0x76, 0x76, 0x72, 0x76,
    0x76, 0x7A, 0x82, 0x7E, 0x7E, 0x7A, 0x7A, 0x76, 0x7A, 0x7A, 0x7E, 0x7E, 0x82, 0x7E, 0x7E, 0x7E,
    0x7A, 0x7A, 0x7E, 0x86, 0x86, 0x86, 0x82, 0x7E, 0x7E, 0x7E, 0x82, 0x86, 0x8A, 0x8A, 0x86, 0x86,
    0x86, 0x82, 0x86, 0x8A, 0x8A, 0x8A, 0x8A, 0x8A, 0x8A, 0x8A, 0x86, 0x86, 0x8E, 0x8E, 0x8E, 0x8E,
    0x8A, 0x8A, 0x86, 0x86, 0x8A, 0x8E, 0x8E, 0x8A, 0x8A, 0x8A, 0x86, 0x86, 0x8A, 0x8A, 0x8A, 0x8A,
    0x8A, 0x8A, 0x8A, 0x82, 0x86, 0x8A, 0x8A, 0x8A, 0x8A, 0x8A, 0x86, 0x82, 0x86, 0x86, 0x8A, 0x8A,
    0x86, 0x82, 0x82, 0x82, 0x7E, 0x82, 0x82, 0x86, 0x82, 0x82, 0x7E, 0x7A, 0x7A, 0x76, 0x7A, 0x7E,
    0x7E, 0x7E, 0x7A, 0x76, 0x76, 0x72, 0x72, 0x76, 0x76, 0x7A, 0x76, 0x76, 0x72, 0x72, 0x6E, 0x72,
    0x72, 0x72, 0x76, 0x72, 0x72, 0x72, 0x6E, 0x6A, 0x6E, 0x72, 0x72, 0x76, 0x72, 0x72, 0x72, 0x6E,
    0x6E, 0x72, 0x76, 0x76, 0x76, 0x76, 0x76, 0x76, 0x76, 0x76, 0x76, 0x76, 0x76, 0x7A, 0x76, 0x7A,
    0x76, 0x76, 0x7A, 0x7A, 0x7A, 0x7E, 0x7A, 0x7E, 0x7A, 0x7E, 0x82, 0x82, 0x82, 0x7E, 0x7E, 0x7E,
    0x82, 0x82, 0x86, 0x86, 0x86, 0x86, 0x86, 0x86, 0x86, 0x86, 0x86, 0x8E, 0x8E, 0x8E, 0x8E, 0x8A,
    0x86, 0x86, 0x86, 0x8A, 0x8A, 0x92, 0x8E, 0x8E, 0x8E, 0x8E, 0x8A, 0x8A, 0x8E, 0x8E, 0x92, 0x92,
    0x92, 0x8E, 0x8E, 0x8A, 0x8A, 0x8E, 0x8E, 0x8E, 0x8E, 0x8A, 0x86, 0x86, 0x82, 0x86, 0x86, 0x8A,
    0x86, 0x86, 0x82, 0x82, 0x82, 0x82, 0x82, 0x82, 0x86, 0x86, 0x82, 0x82, 0x7E, 0x7E, 0x7E, 0x82,
    0x82, 0x82, 0x7E, 0x7E, 0x7E, 0x7A, 0x7A, 0x7A, 0x7A, 0x7E, 0x7A, 0x76, 0x76, 0x76, 0x76, 0x6E,
    0x72, 0x8E, 0x62, 0x4A, 0xAA, 0x66, 0x96, 0x72, 0x9E, 0x6A, 0x5E, 0x7A, 0x6E, 0x8E, 0x82, 0x96,
    0x6E, 0x6E, 0x4A, 0x5E, 0x8A, 0x66, 0x96, 0x8A, 0x96, 0x5E, 0x52, 0x4A, 0x5A, 0x72, 0x8E, 0x9E,
    0x8A, 0x8A, 0x62, 0x52, 0x5A, 0x62, 0x7A, 0x86, 0xA6, 0x92, 0x82, 0x6E, 0x56, 0x62, 0x56, 0x76,
    0x86, 0xA6, 0x92, 0x92, 0x6E, 0x7A, 0x6E, 0x66, 0x7A, 0x8E, 0xAA, 0x9E, 0x96, 0x8A, 0x7E, 0x72,
    0x6E, 0x82, 0x7E, 0x9E, 0x96, 0x96, 0x9E, 0x7A, 0x7A, 0x76, 0x76, 0x82, 0x96, 0x96, 0x96, 0x9E,
    0x8E, 0x7E, 0x72, 0x86, 0x7E, 0x8E, 0x8A, 0x96, 0x96, 0x8E, 0x8E, 0x86, 0x8A, 0x7E, 0x86, 0x96,
    0x92, 0x96, 0x8A, 0x92, 0x8A, 0x7E, 0x82, 0x7A, 0x7E, 0x8A, 0x8E, 0x96, 0x92, 0x86, 0x7E, 0x86,
    0x76, 0x6E, 0x8A, 0x9E, 0x96, 0xB2, 0x6A, 0x6A, 0x72, 0x86, 0x76, 0x76, 0x92, 0x96, 0x82, 0x6E,
    0x72, 0x76, 0x7A, 0x82, 0x7E, 0x6E, 0x7E, 0x42, 0x52, 0x86, 0x96, 0x8A, 0x92, 0x6A, 0x56, 0x52,
    0x4A, 0x72, 0x92, 0x96, 0x7A, 0x72, 0x62, 0x6E, 0x4E, 0x5E, 0x7E, 0x8E, 0x96, 0x8E, 0x6E, 0x56,
    0x4E, 0x36, 0x56, 0x92, 0x9E, 0x9E, 0x92, 0x5E, 0x52, 0x3A, 0x4A, 0x6E, 0x96, 0x9E, 0x8E, 0x7A,
    0x6E, 0x5E, 0x4A, 0x5E, 0x72, 0x96, 0x96, 0x9E, 0x82, 0x72, 0x5A, 0x4E, 0x6A, 0x86, 0xA6, 0x96,
    0x9E, 0x72, 0x76, 0x56, 0x6A, 0x8A, 0x92, 0xAA, 0x8A, 0x96, 0x7E, 0x7E, 0x7A, 0x7A, 0x96, 0x9E,
    0xA6, 0x96, 0x8E, 0x86, 0x6E, 0x76, 0x8A, 0x9E, 0xA6, 0xAE, 0x92, 0x86, 0x7E, 0x72, 0x86, 0x96,
    0xAA, 0x9E, 0x9E, 0x86, 0x8A, 0x7E, 0x7E, 0x92, 0x96, 0xAA, 0x96, 0x9E, 0x86, 0x82, 0x66, 0x76,
    0x96, 0x9E, 0xAA, 0x9E, 0x8E, 0x76, 0x6A, 0x66, 0x7A, 0x92, 0x9E, 0x92, 0x86, 0x82, 0x76, 0x62,
    0x6A, 0x76, 0x8A, 0x86, 0x8E, 0x7E, 0x72, 0x6E, 0x4A, 0x62, 0x6E, 0x86, 0x86, 0x82, 0x72, 0x66,
    0x52, 0x5A, 0x66, 0x76, 0x86, 0x72, 0x76, 0x6A, 0x6E, 0x56, 0x5E, 0x66, 0x6E, 0x7A, 0x7A, 0x76,
    0x6A, 0x5E, 0x56, 0x5E, 0x76, 0x7E, 0x82, 0x7A, 0x6E, 0x6E, 0x5E, 0x62, 0x6E, 0x76, 0x7E, 0x7A,
    0x7A, 0x7A, 0x6E, 0x6A, 0x6E, 0x76, 0x82, 0x82, 0x86, 0x7A, 0x86, 0x66, 0x72, 0x7E, 0x86, 0x92,
    0x8E, 0x8E, 0x7E, 0x7E, 0x76, 0x7E, 0x8A, 0x92, 0x8E, 0x8E, 0x8E, 0x8A, 0x86, 0x86, 0x8A, 0x92,
    0x96, 0x96, 0x96, 0x8E, 0x8A, 0x7A, 0x82, 0x96, 0x9E, 0x9E, 0x9E, 0x92, 0x8A, 0x7E, 0x82, 0x8A,
    0x96, 0x9E, 0x92, 0x92, 0x8E, 0x8A, 0x7E, 0x82, 0x8E, 0x92, 0x96, 0x96, 0x8E, 0x86, 0x82, 0x72,
    0x7E, 0x8E, 0x96, 0x96, 0x92, 0x86, 0x82, 0x76, 0x76, 0x82, 0x8A, 0x8E, 0x86, 0x82, 0x82, 0x7E,
    0x72, 0x7A, 0x7E, 0x86, 0x82, 0x82, 0x7A, 0x7A, 0x6E, 0x66, 0x72, 0x7E, 0x82, 0x82, 0x7A, 0x72,
    0x6E, 0x66, 0x6A, 0x72, 0x7A, 0x7A, 0x76, 0x72, 0x72, 0x6A, 0x6A, 0x6E, 0x72, 0x7A, 0x7A, 0x76,
    0x6E, 0x6E, 0x5E, 0x66, 0x72, 0x7E, 0x7E, 0x7A, 0x76, 0x6A, 0x66, 0x62, 0x6E, 0x7A, 0x82, 0x7E,
    0x76, 0x76, 0x72, 0x6A, 0x6E, 0x76, 0x7E, 0x82, 0x86, 0x7E, 0x76, 0x76, 0x66, 0x6E, 0x82, 0x8A,
    0x8E, 0x8A, 0x7E, 0x7E, 0x6E, 0x76, 0x7A, 0x86, 0x92, 0x8A, 0x8A, 0x86, 0x86, 0x7A, 0x7E, 0x86,
    0x8E, 0x92, 0x96, 0x92, 0x8A, 0x86, 0x7A, 0x82, 0x8E, 0x96, 0x96, 0x96, 0x8E, 0x8A, 0x7E, 0x82,
    0x8A, 0x92, 0x92, 0x92, 0x92, 0x92, 0x8A, 0x86, 0x86, 0x8A, 0x92, 0x92, 0x96, 0x8E, 0x8A, 0x7E,
    0x7E, 0x86, 0x92, 0x96, 0x96, 0x8E, 0x82, 0x86, 0x7A, 0x82, 0x86, 0x8E, 0x8A, 0x86, 0x86, 0x82,
    0x7A, 0x7A, 0x7E, 0x82, 0x8A, 0x86, 0x82, 0x7E, 0x7A, 0x6A, 0x6E, 0x7E, 0x86, 0x82, 0x82, 0x7A,
    0x72, 0x6A, 0x6A, 0x6E, 0x7A, 0x7E, 0x76, 0x76, 0x72, 0x72, 0x66, 0x6A, 0x6E, 0x76, 0x7A, 0x7A,
    0x76, 0x6E, 0x6A, 0x5E, 0x6A, 0x72, 0x7E, 0x7E, 0x7A, 0x72, 0x6E, 0x66, 0x6A, 0x72, 0x7A, 0x7E,
    0x76, 0x76, 0x76, 0x72, 0x6E, 0x72, 0x76, 0x7E, 0x7E, 0x82, 0x7E, 0x7A, 0x76, 0x6E, 0x76, 0x86,
    0x8A, 0x8A, 0x86, 0x7E, 0x7E, 0x76, 0x7A, 0x82, 0x8A, 0x8E, 0x8A, 0x8A, 0x86, 0x86, 0x7E, 0x82,
    0x86, 0x8E, 0x92, 0x8E, 0x8A, 0x86, 0x7E, 0x7A, 0x82, 0x8E, 0x92, 0x92, 0x92, 0x86, 0x86, 0x7E,
    0x82, 0x8A, 0x8E, 0x92, 0x8E, 0x8E, 0x8A, 0x82, 0x7E, 0x82, 0x86, 0x8E, 0x8E, 0x8E, 0x86, 0x86,
    0x7A, 0x7A, 0x82, 0x8E, 0x8E, 0x92, 0x8A, 0x82, 0x7E, 0x7A, 0x7E, 0x86, 0x8E, 0x86, 0x86, 0x82,
    0x82, 0x7A, 0x7A, 0x7E, 0x82, 0x82, 0x86, 0x82, 0x7E, 0x7E, 0x6E, 0x76, 0x7E, 0x86, 0x86, 0x82,
    0x7A, 0x7A, 0x6E, 0x76, 0x7A, 0x82, 0x86, 0x7E, 0x7A, 0x7A, 0x7A, 0x72, 0x76, 0x7A, 0x7E, 0x7E,
    0x7E, 0x7A, 0x76, 0x72, 0x6A, 0x76, 0x7E, 0x82, 0x82, 0x7E, 0x76, 0x76, 0x6E, 0x72, 0x7A, 0x7E,
    0x86, 0x7E, 0x7A, 0x76, 0x7A, 0x72, 0x76, 0x7A, 0x7E, 0x82, 0x82, 0x7E, 0x76, 0x76, 0x6A, 0x76,
    0x7E, 0x82, 0x86, 0x82, 0x7A, 0x7A, 0x6E, 0x72, 0x7A, 0x7E, 0x86, 0x7E, 0x7E, 0x7E, 0x7E, 0x76,
    0x7A, 0x7E, 0x82, 0x82, 0x82, 0x82, 0x7E, 0x7A, 0x76, 0x7E, 0x86, 0x8A, 0x8A, 0x86, 0x7E, 0x82,
    0x7A, 0x7E, 0x86, 0x8A, 0x8A, 0x86, 0x86, 0x86, 0x82, 0x82, 0x8A, 0x8A, 0x8E, 0x8E, 0x8A, 0x82,
    0x82, 0x7A, 0x7E, 0x86, 0x8E, 0x92, 0x92, 0x8A, 0x7E, 0x7E, 0x7E, 0x86, 0x8E, 0x8E, 0x8A, 0x8E,
    0x86, 0x82, 0x7A, 0x7E, 0x7E, 0x86, 0x8A, 0x8A, 0x86, 0x7E, 0x7E, 0x76, 0x7A, 0x86, 0x8A, 0x8A,
    0x8A, 0x7E, 0x7A, 0x76, 0x7A, 0x7E, 0x82, 0x8A, 0x7E, 0x7E, 0x7E, 0x7E, 0x76, 0x7A, 0x7A, 0x82,
    0x82, 0x82, 0x7E, 0x7A, 0x7A, 0x6E, 0x76, 0x82, 0x7E, 0x92, 0x82, 0x72, 0x76, 0x72, 0x7A, 0x76,
    0x82, 0x7E, 0x7E, 0x7A, 0x76, 0x6E, 0x6A, 0x6E, 0x76, 0x62, 0x72, 0x7E, 0x8A, 0x6A, 0x72, 0x7A,
    0x76, 0x7E, 0x6A, 0x82, 0x7E, 0x7A, 0x66, 0x72, 0x76, 0x76, 0x86, 0xA6, 0x5A, 0x4E, 0x4E, 0x7E,
    0x7A, 0x6A, 0x86, 0xB6, 0x6E, 0x66, 0x42, 0xC2, 0xA6, 0x42, 0x8A, 0xBA, 0xB2, 0x76, 0x9E, 0xC2,
    0x3E, 0x96, 0x7A, 0x76, 0xCA, 0x2E, 0x96, 0xB2, 0x4A, 0x9E, 0x26, 0x82, 0x46, 0xCA, 0x62, 0x9E,
    0x6A, 0xB6, 0x3A, 0xE2, 0x4E, 0x82, 0x6A, 0x5E, 0xC2, 0x1E, 0x86, 0x6E, 0x82, 0xCA, 0x3E, 0xA6,
    0xB6, 0x4A, 0xBE, 0x3E, 0xA6, 0xAA, 0x3E, 0xBA, 0xBA, 0x42, 0xDE, 0x5E, 0x86, 0x72, 0x92, 0x76,
    0x5E, 0xEA, 0x22, 0x8E, 0x82, 0x96, 0x4E, 0x9E, 0xBE, 0x6E, 0x12, 0xCA, 0x82, 0x62, 0x7A, 0x7E,
    0xBA, 0x66, 0x76, 0xB2, 0x86, 0x5A, 0x66, 0x92, 0xB2, 0x7E, 0x8E, 0x6E, 0x82, 0xAA, 0x56, 0x4E,
    0xB2, 0x96, 0x6E, 0x5A, 0x4E, 0x6E, 0x8A, 0x8A, 0x76, 0x7A, 0x56, 0x76, 0x9E, 0x92, 0x4A, 0x46,
    0x96, 0x92, 0x82, 0x72, 0x66, 0x5A, 0x52, 0x6E, 0x96, 0x76, 0x6A, 0x72, 0x7A, 0x6A, 0x86, 0x96,
    0x96, 0x7A, 0x6A, 0x5E, 0x76, 0x9E, 0x92, 0x7E, 0x66, 0x62, 0x62, 0x8A, 0x86, 0x7A, 0x9E, 0x92,
    0x96, 0x66, 0x72, 0x86, 0x9E, 0x92, 0x96, 0x92, 0x8E, 0x8A, 0x9E, 0x92, 0x7E, 0x96, 0x7E, 0x6E,
    0xB6, 0x5A, 0x86, 0x62, 0x72, 0x8A, 0x6A, 0xAE, 0x6A, 0xA6, 0x4A, 0x96, 0x4E, 0x96, 0x72, 0xAA,
    0x92, 0x76, 0xB2, 0x56, 0x9E, 0x76, 0x92, 0x9E, 0x92, 0xB2, 0x82, 0x9E, 0xAA, 0x7A, 0xB2, 0x8A,
    0x8A, 0x9E, 0x62, 0x76, 0x8E, 0x66, 0x6A, 0x96, 0x82, 0x82, 0x8E, 0x6E, 0x5E, 0x7A, 0x6E, 0x56,
    0x82, 0x8A, 0x6A, 0x72, 0x82, 0x6A, 0x4A, 0x6A, 0x72, 0x66, 0x6E, 0x72, 0x76, 0x72, 0x66, 0x7A,
    0x86, 0x82, 0x7E, 0x7E, 0x82, 0x7E, 0x72, 0x6E, 0x72, 0x76, 0x76, 0x6E, 0x6E, 0x6E, 0x6A, 0x62,
    0x62, 0x6E, 0x76, 0x7E, 0x8E, 0x7E, 0x76, 0x7E, 0x7A, 0x7E, 0x8A, 0x86, 0x8E, 0x8E, 0x92, 0x96,
    0x86, 0x82, 0x8A, 0x92, 0x96, 0x96, 0x92, 0x8E, 0x96, 0x96, 0x9E, 0xAE, 0xB2, 0xAE, 0xA6, 0x96,
    0x8A, 0x8E, 0x92, 0x9E, 0x9E, 0x96, 0x96, 0x8E, 0x96, 0x96, 0x96, 0x8E, 0x8E, 0x82, 0x7E, 0x82,
    0x76, 0x7E, 0x7A, 0x66, 0x5A, 0x62, 0x66, 0x66, 0x6A, 0x6A, 0x4E, 0x5E, 0x5E, 0x5E, 0x66, 0x66,
    0x66, 0x66, 0x62, 0x5E, 0x5A, 0x5A, 0x56, 0x5E, 0x5A, 0x56, 0x56, 0x62, 0x62, 0x5E, 0x6A, 0x72,
    0x76, 0x7E, 0x82, 0x7E, 0x86, 0x82, 0x82, 0x8A, 0x92, 0x92, 0x86, 0x7E, 0x82, 0x76, 0x76, 0x82,
    0x8E, 0x8E, 0x96, 0x9E, 0x9E, 0x9E, 0x9E, 0x9E, 0xA6, 0xA6, 0xAA, 0xA6, 0xA6, 0x9E, 0x96, 0x92,
    0x92, 0x92, 0x96, 0x92, 0x8A, 0x8E, 0x8A, 0x8A, 0x8A, 0x96, 0x96, 0x96, 0x9E, 0x9E, 0x96, 0x8E,
    0x86, 0x7A, 0x76, 0x76, 0x72, 0x6E, 0x62, 0x56, 0x56, 0x52, 0x5A, 0x5E, 0x62, 0x66, 0x62, 0x66,
    0x66, 0x66, 0x6A, 0x72, 0x72, 0x6E, 0x76, 0x7A, 0x72, 0x72, 0x66, 0x6A, 0x6A, 0x72, 0x72, 0x72,
    0x6E, 0x6E, 0x6A, 0x72, 0x7E, 0x86, 0x92, 0x92, 0x92, 0x96, 0x9E, 0x96, 0x92, 0x96, 0x92, 0x92,
    0x8E, 0x8A, 0x7E, 0x82, 0x72, 0x7E, 0x82, 0x7E, 0x7E, 0x82, 0x7E, 0x7E, 0x7E, 0x82, 0x8E, 0x8E,
    0x8E, 0x8E, 0x8A, 0x8E, 0x8E, 0x8A, 0x8A, 0x8E, 0x96, 0x96, 0x96, 0x92, 0x8A, 0x86, 0x82, 0x7E,
    0x7A, 0x82, 0x7A, 0x76, 0x7A, 0x7A, 0x76, 0x7A, 0x82, 0x8A, 0x8A, 0x82, 0x7E, 0x82, 0x7A, 0x7A,
    0x7A, 0x7E, 0x72, 0x6A, 0x6A, 0x66, 0x66, 0x5A, 0x66, 0x66, 0x5E, 0x66, 0x72, 0x72, 0x6E, 0x72,
    0x72, 0x7E, 0x7E, 0x82, 0x7E, 0x82, 0x76, 0x76, 0x72, 0x6E, 0x72, 0x7A, 0x76, 0x76, 0x6E, 0x6E,
    0x6E, 0x6A, 0x7A, 0x7E, 0x86, 0x8A, 0x8A, 0x82, 0x86, 0x82, 0x86, 0x8A, 0x8E, 0x8A, 0x86, 0x82,
    0x86, 0x8A, 0x86, 0x8E, 0x8E, 0x96, 0x96, 0x9E, 0x9E, 0x96, 0x96, 0x9E, 0xA6, 0xAA, 0xAA, 0xA6,
    0x9E, 0x96, 0x96, 0x92, 0x92, 0x92, 0x92, 0x8A, 0x82, 0x7E, 0x7E, 0x72, 0x6E, 0x7E, 0x7A, 0x7E,
    0x7A, 0x76, 0x76, 0x72, 0x6E, 0x6A, 0x6E, 0x6E, 0x6A, 0x6A, 0x6A, 0x62, 0x62, 0x62, 0x6A, 0x6A,
    0x6A, 0x72, 0x6E, 0x6A, 0x6A, 0x66, 0x72, 0x76, 0x7E, 0x7E, 0x82, 0x7E, 0x7E, 0x7E, 0x86, 0x82,
    0x8E, 0x8A, 0x8A, 0x86, 0x82, 0x7E, 0x7E, 0x82, 0x86, 0x82, 0x8A, 0x76, 0x76, 0x6E, 0x7A, 0x76,
    0x7A, 0x7E, 0x7E, 0x82, 0x7A, 0x7A, 0x72, 0x6E, 0x76, 0x76, 0x82, 0x82, 0x7E, 0x7E, 0x7A, 0x72,
    0x76, 0x7E, 0x86, 0x86, 0x8E, 0x82, 0x86, 0x7E, 0x8A, 0x8A, 0x92, 0x92, 0x96, 0x8E, 0x8E, 0x86,
    0x8A, 0x82, 0x86, 0x86, 0x92, 0x8E, 0x82, 0x7E, 0x7E, 0x7E, 0x7A, 0x7E, 0x7A, 0x7E, 0x7A, 0x7E,
    0x7A, 0x76, 0x76, 0x7E, 0x7E, 0x82, 0x86, 0x8A, 0x86, 0x82, 0x7A, 0x7E, 0x86, 0x8E, 0x92, 0x92,
    0x92, 0x8E, 0x8A, 0x8E, 0x8A, 0x8E, 0x8E, 0x8A, 0x86, 0x86, 0x86, 0x7E, 0x7E, 0x7A, 0x7A, 0x7E,
    0x7E, 0x7E, 0x7E, 0x7E, 0x76, 0x7E, 0x7E, 0x7E, 0x7A, 0x7E, 0x7E, 0x7A, 0x72, 0x76, 0x76, 0x7A,
    0x7A, 0x7E, 0x7A, 0x7A, 0x7E, 0x76, 0x7A, 0x7A, 0x7E, 0x7E, 0x7E, 0x7E, 0x7E, 0x7E, 0x7A, 0x7E,
    0x82, 0x86, 0x8A, 0x86, 0x82, 0x7E, 0x7A, 0x7A, 0x7A, 0x7A, 0x7A, 0x76, 0x6E, 0x6E, 0x6A, 0x66,
    0x66, 0x66, 0x66, 0x66, 0x66, 0x66, 0x62, 0x62, 0x62, 0x6A, 0x6E, 0x72, 0x76, 0x76, 0x72, 0x76,
    0x76, 0x7A, 0x7E, 0x82, 0x86, 0x86, 0x86, 0x86, 0x8A, 0x8A, 0x8E, 0x92, 0x92, 0x96, 0x96, 0x96,
    0x92, 0x92, 0x96, 0x96, 0x9E, 0x9E, 0x9E, 0xB2, 0x8E, 0x8A, 0xAA, 0x96, 0xBE, 0x8E, 0xBA, 0x8A,
    0x92, 0x76, 0x86, 0xAE, 0x9E, 0xB6, 0x86, 0x96, 0x6E, 0x7A, 0x8A, 0x76, 0xA6, 0xAA, 0x9E, 0x6E,
    0x72, 0x5E, 0x5E, 0x6A, 0x82, 0x96, 0x8E, 0x8E, 0x76, 0x66, 0x46, 0x52, 0x62, 0x5E, 0x82, 0x86,
    0x96, 0x72, 0x66, 0x52, 0x4E, 0x4E, 0x5E, 0x7E, 0x82, 0x8E, 0x72, 0x5E, 0x52, 0x4A, 0x52, 0x62,
    0x7E, 0x8A, 0x86, 0x6A, 0x72, 0x66, 0x56, 0x5A, 0x6E, 0x7E, 0x82, 0x7E, 0x7A, 0x7E, 0x72, 0x5E,
    0x6E, 0x6A, 0x8A, 0x8A, 0x92, 0x86, 0x86, 0x7E, 0x6A, 0x7A, 0x72, 0x7E, 0x8A, 0x8A, 0x8E, 0x96,
    0x86, 0x82, 0x7E, 0x7E, 0x8A, 0x82, 0x92, 0x92, 0x8E, 0x8E, 0x86, 0x8A, 0x7E, 0x8E, 0x82, 0x86,
    0x8A, 0x86, 0x96, 0x92, 0x8E, 0x7E, 0x8A, 0x86, 0x82, 0x8E, 0x96, 0x9E, 0x96, 0x8E, 0x86, 0x86,
    0x7E, 0x7E, 0x7E, 0x86, 0x8E, 0x96, 0x96, 0x7E, 0x6E, 0x2, 0x46, 0x82, 0xB6, 0xE2, 0xDA, 0xCA,
    0xBE, 0xB6, 0xAE, 0x8A, 0x76, 0x62, 0x5E, 0x4A, 0x42, 0x32, 0x22, 0xA, 0xE, 0x22, 0x32, 0x3E,
    0x4E, 0x56, 0x5E, 0x66, 0x6A, 0x6E, 0x82, 0x8E, 0xAA, 0xBA, 0xCA, 0xD6, 0xD6, 0xDE, 0xDE, 0xE2,
    0xDA, 0xCA, 0xC2, 0xB6, 0xAE, 0xA6, 0x9E, 0x8A, 0x7E, 0x72, 0x72, 0x72, 0x6A, 0x5E, 0x5A, 0x56,
    0x4E, 0x42, 0x3A, 0x46, 0x3E, 0x4A, 0x3E, 0x42, 0x3E, 0x32, 0x3E, 0x46, 0x4E, 0x56, 0x5E, 0x62,
    0x66, 0x6A, 0x6E, 0x72, 0x72, 0x76, 0x76, 0x76, 0x7A, 0x7A, 0x7E, 0x82, 0x92, 0x96, 0x96, 0x96,
    0x9E, 0x96, 0x9E, 0x9E, 0xAA, 0xB2, 0xB2, 0xBA, 0xAE, 0xB2, 0xA6, 0xAE, 0xB6, 0xB6, 0xC2, 0xB2,
    0xBE, 0xAE, 0xAA, 0xAA, 0xA6, 0xAE, 0xAA, 0x9E, 0x9E, 0x96, 0x96, 0x92, 0x8E, 0x8E, 0x8A, 0x8A,
    0x86, 0x82, 0x82, 0x76, 0x72, 0x6E, 0x6A, 0x6A, 0x66, 0x6A, 0x62, 0x66, 0x5E, 0x56, 0x5A, 0x56,
    0x5A, 0x52, 0x5A, 0x5A, 0x56, 0x52, 0x52, 0x4E, 0x4E, 0x4E, 0x4E, 0x56, 0x52, 0x56, 0x4E, 0x4E,
    0x52, 0x52, 0x5A, 0x5E, 0x66, 0x6A, 0x6A, 0x6E, 0x72, 0x76, 0x76, 0x76, 0x7A, 0x7A, 0x7A, 0x7A,
    0x7A, 0x7E, 0x82, 0x86, 0x86, 0x8E, 0x92, 0x96, 0x96, 0x96, 0x96, 0x9E, 0x9E, 0x9E, 0x9E, 0x9E,
    0x9E, 0xA6, 0xA6, 0xAA, 0xA6, 0xA6, 0xA6, 0xA6, 0xAA, 0xA6, 0xAA, 0xAA, 0xA6, 0xA6, 0xA6, 0x9E,
    0x9E, 0x9E, 0x9E, 0x9E, 0x9E, 0x9E, 0x96, 0x96, 0x92, 0x8E, 0x92, 0x8A, 0x8E, 0x8A, 0x8A, 0x86,
    0x7E, 0x82, 0x7A, 0x7A, 0x76, 0x76, 0x76, 0x72, 0x72, 0x6E, 0x6E, 0x66, 0x66, 0x66, 0x66, 0x6A,
    0x66, 0x66, 0x66, 0x66, 0x66, 0x66, 0x66, 0x66, 0x66, 0x66, 0x66, 0x66, 0x66, 0x66, 0x66, 0x66,
    0x66, 0x66, 0x66, 0x66, 0x62, 0x62, 0x62, 0x66, 0x66, 0x66, 0x66, 0x5E, 0x62, 0x62, 0x66, 0x66,
    0x6A, 0x6A, 0x6A, 0x6A, 0x6A, 0x6E, 0x72, 0x76, 0x76, 0x7A, 0x7E, 0x7E, 0x82, 0x82, 0x86, 0x86,
    0x8A, 0x8E, 0x8E, 0x92, 0x92, 0x92, 0x92, 0x92, 0x92, 0x96, 0x96, 0x96, 0x96, 0x96, 0x96, 0x96,
    0x96, 0x96, 0x96, 0x96, 0x96, 0x9E, 0x96, 0x9E, 0x96, 0x96, 0x96, 0x96, 0x96, 0x9E, 0x9E, 0x9E,
    0x9E, 0x96, 0x96, 0x96, 0x96, 0x96, 0x96, 0x96, 0x96, 0x96, 0x92, 0x96, 0x8E, 0x8E, 0x8E, 0x8E,
    0x8E, 0x8A, 0x8A, 0x82, 0x82, 0x7E, 0x7A, 0x7A, 0x7A, 0x76, 0x76, 0x72, 0x6E, 0x6E, 0x6A, 0x6A,
    0x6A, 0x6A, 0x6A, 0x6A, 0x6A, 0x6A, 0x6A, 0x6A, 0x6A, 0x6A, 0x6A, 0x6E, 0x6A, 0x6E, 0x6E, 0x6E,
    0x6E, 0x6E, 0x6E, 0x6E, 0x6E, 0x6E, 0x6E, 0x6E, 0x6E, 0x6A, 0x6E, 0x6A, 0x6A, 0x6A, 0x6A, 0x6E,
    0x6E, 0x6E, 0x6E, 0x6E, 0x6E, 0x6E, 0x6E, 0x6E, 0x72, 0x72, 0x72, 0x76, 0x72, 0x72, 0x72, 0x72,
    0x76, 0x7A, 0x7A, 0x7E, 0x7E, 0x7E, 0x82, 0x7E, 0x82, 0x82, 0x86, 0x86, 0x8A, 0x8A, 0x8A, 0x8A,
    0x86, 0x8A, 0x8A, 0x8E, 0x8E, 0x8E, 0x8E, 0x8E, 0x8E, 0x8E, 0x8E, 0x92, 0x92, 0x92, 0x92, 0x96,
    0x92, 0x92, 0x92, 0x96, 0x96, 0x96, 0x96, 0x96, 0x96, 0x96, 0x96, 0x96, 0x96, 0x96, 0x96, 0x96,
    0x96, 0x96, 0x92, 0x92, 0x92, 0x92, 0x92, 0x92, 0x8E, 0x8E, 0x8A, 0x8A, 0x86, 0x86, 0x86, 0x86,
    0x82, 0x82, 0x7E, 0x7E, 0x7A, 0x7E, 0x7A, 0x7A, 0x76, 0x76, 0x76, 0x72, 0x72, 0x72, 0x72, 0x72,
    0x6E, 0x6E, 0x6E, 0x6A, 0x6E, 0x6E, 0x6A, 0x6A, 0x6A, 0x6A, 0x6A, 0x6A, 0x6A, 0x6A, 0x6A, 0x6A,
    0x6A, 0x6A, 0x6A, 0x6A, 0x6A, 0x6E, 0x6E, 0x6E, 0x6E, 0x6E, 0x6E, 0x6E, 0x6E, 0x72, 0x6E, 0x72,
    0x72, 0x72, 0x72, 0x72, 0x72, 0x6E, 0x6E, 0x72, 0x72, 0x72, 0x76, 0x76, 0x76, 0x76, 0x76, 0x76,
    0x7A, 0x7A, 0x7A, 0x7E, 0x7E, 0x82, 0x82, 0x82, 0x82, 0x86, 0x8A, 0x8A, 0x8E, 0x8E, 0x8E, 0x8E,
    0x8E, 0x8E, 0x92, 0x92, 0x96, 0x96, 0x96, 0x96, 0x92, 0x92, 0x92, 0x96, 0x96, 0x96, 0x96, 0x96,
    0x96, 0x96, 0x96, 0x96, 0x96, 0x96, 0x96, 0x96, 0x96, 0x96, 0x92, 0x92, 0x92, 0x92, 0x92, 0x96,
    0x92, 0x92, 0x8E, 0x8E, 0x8E, 0x8E, 0x8E, 0x8E, 0x8A, 0x8A, 0x8A, 0x86, 0x86, 0x86, 0x82, 0x82,
    0x7E, 0x7E, 0x7E, 0x7A, 0x7A, 0x7A, 0x7A, 0x76, 0x72, 0x72, 0x6E, 0x6E, 0x6E, 0x6E, 0x6E, 0x6E,
    0x6E, 0x6A, 0x6A, 0x66, 0x6A, 0x6A, 0x6A, 0x6A, 0x6A, 0x6A, 0x6A, 0x6A, 0x6A, 0x6A, 0x6E, 0x6E,
    0x72, 0x72, 0x72, 0x72, 0x6E, 0x6E, 0x6E, 0x6E, 0x72, 0x72, 0x76, 0x76, 0x72, 0x72, 0x6E, 0x6E,
    0x72, 0x72, 0x72, 0x76, 0x76, 0x72, 0x72, 0x6E, 0x72, 0x76, 0x7A, 0x76, 0x7E, 0x7A, 0x7E, 0x76,
    0x82, 0x7E, 0x82, 0x7E, 0x86, 0x82, 0x86, 0x86, 0x86, 0x86, 0x8A, 0x8E, 0x8E, 0x8E, 0x8E, 0x8E,
    0x8E, 0x92, 0x92, 0x92, 0x8E, 0x92, 0x92, 0x92, 0x8E, 0x92, 0x8E, 0x92, 0x92, 0x92, 0x8E, 0x92,
    0x92, 0x92, 0x92, 0x92, 0x92, 0x92, 0x92, 0x92, 0x92, 0x92, 0x92, 0x92, 0x92, 0x92, 0x92, 0x92,
    0x92, 0x8E, 0x8E, 0x8E, 0x8E, 0x8E, 0x8E, 0x8E, 0x8A, 0x8A, 0x8A, 0x86, 0x82, 0x82, 0x7E, 0x82,
    0x7E, 0x7E, 0x7A, 0x7A, 0x76, 0x76, 0x72, 0x76, 0x76, 0x72, 0x72, 0x72, 0x6E, 0x6E, 0x6E, 0x6E,
    0x6E, 0x6E, 0x6E, 0x6E, 0x6A, 0x6A, 0x6A, 0x6A, 0x6A, 0x6A, 0x6A, 0x6E, 0x6A, 0x6A, 0x6E, 0x6A,
    0x6E, 0x6E, 0x6E, 0x6E, 0x7A, 0x72, 0x62, 0x6A, 0x62, 0x6E, 0x72, 0x82, 0x7E, 0x82, 0x6E, 0x6A,
    0x56, 0x76, 0x82, 0x72, 0x86, 0x62, 0x6E, 0x5A, 0x6A, 0x62, 0x86, 0x7A, 0x86, 0x8A, 0x86, 0x76,
    0x72, 0x76, 0x7E, 0x96, 0x82, 0x66, 0x82, 0x9E, 0x92, 0x6A, 0x8A, 0x86, 0x8E, 0xBA, 0x86, 0x86,
    0x86, 0x82, 0x76, 0x92, 0x8E, 0x96, 0x96, 0xA6, 0x82, 0x7A, 0x8A, 0x6E, 0x9E, 0x8A, 0x92, 0x8E,
    0x96, 0x92, 0x7E, 0x72, 0x96, 0xBA, 0xCA, 0xC2, 0x86, 0x82, 0x96, 0x82, 0x8A, 0x9E, 0x8E, 0xB6,
    0xB2, 0x96, 0x66, 0x7E, 0x6E, 0x96, 0xA6, 0xA6, 0xAA, 0x6A, 0x8E, 0x72, 0x56, 0x5A, 0x8A, 0x96,
    0x92, 0x6A, 0x7E, 0x72, 0x86, 0x92, 0x5E, 0x5A, 0x6A, 0x86, 0x5E, 0x6A, 0x5A, 0x72, 0x8E, 0x82,
    0x92, 0x82, 0x66, 0x5E, 0x72, 0x66, 0x82, 0x6A, 0x7A, 0x7E, 0x52, 0x62, 0x4A, 0x62, 0x76, 0x66,
    0x4A, 0x62, 0x8A, 0x66, 0x6E, 0x56, 0x76, 0x72, 0x7A, 0x6A, 0x72, 0x36, 0x72, 0x62, 0x82, 0x7A,
    0x86, 0xAE, 0xA6, 0x86, 0x7E, 0x6A, 0x5E, 0x72, 0x52, 0x66, 0x5A, 0x56, 0x76, 0x7A, 0x76, 0x96,
    0x8E, 0x96, 0x7A, 0xB2, 0x82, 0x5E, 0x66, 0x92, 0x66, 0x7E, 0x72, 0x86, 0x7A, 0x7E, 0x8A, 0x8E,
    0x8E, 0x76, 0x9E, 0x9E, 0x96, 0x7E, 0x8A, 0x96, 0xAA, 0x86, 0x92, 0x96, 0x82, 0x9E, 0x8E, 0x86,
    0xAE, 0x8E, 0x9E, 0x8A, 0x72, 0x7E, 0x6E, 0x76, 0xAA, 0x96, 0x82, 0x9E, 0xAE, 0xB6, 0x8A, 0x86,
    0x82, 0x92, 0x82, 0x82, 0x86, 0x9E, 0x7E, 0x76, 0x76, 0x96, 0x9E, 0x96, 0x86, 0x96, 0x72, 0x5A,
    0x7A, 0xA6, 0x86, 0x9E, 0xAA, 0x7E, 0x8E, 0x6A, 0x86, 0x96, 0x72, 0x76, 0x52, 0x96, 0x72, 0x8A,
    0x3E, 0x52, 0x56, 0x9E, 0x56, 0x7E, 0x6E, 0x7A, 0x62, 0x62, 0x8E, 0x66, 0x76, 0x62, 0x3E, 0x56,
    0x56, 0x76, 0x72, 0x4E, 0x4A, 0x86, 0x7E, 0x72, 0x86, 0x62, 0x5A, 0x5E, 0x9E, 0x4E, 0x6E, 0x3E,
    0xAE, 0x4E, 0x62, 0x4E, 0x9E, 0x86, 0x6E, 0x4E, 0x8A, 0x6A, 0x5E, 0x7A, 0x7A, 0x4A, 0x5E, 0x5E,
    0x92, 0x6A, 0x62, 0x6E, 0x7A, 0x92, 0x8A, 0x8A, 0x66, 0xBA, 0x5E, 0x82, 0x66, 0x9E, 0x76, 0x8E,
    0x5E, 0x96, 0x86, 0x8A, 0x7E, 0xB2, 0x76, 0x9E, 0xB6, 0x8E, 0x9E, 0x9E, 0x96, 0x8E, 0xAA, 0x82,
    0x7A, 0x8A, 0x96, 0x7E, 0x8E, 0x9E, 0xAE, 0x92, 0x7E, 0x5A, 0x86, 0x96, 0x8A, 0x8E, 0x96, 0xA6,
    0xAE, 0xCA, 0x86, 0x96, 0x82, 0x96, 0x76, 0x8E, 0xC2, 0x6E, 0x72, 0x7A, 0x96, 0x7A, 0xB2, 0x7A,
    0x96, 0x52, 0x72, 0x7A, 0x92, 0x96, 0x7E, 0x86, 0x96, 0xA6, 0x72, 0x66, 0x4E, 0xAA, 0x9E, 0x6E,
    0x7E, 0x9E, 0x62, 0x76, 0x7E, 0x72, 0x5E, 0x72, 0x6A, 0x7E, 0x46, 0x82, 0x86, 0x7E, 0x8A, 0x7E,
    0x76, 0x62, 0x8A, 0x46, 0x2E, 0x3A, 0x82, 0x32, 0x7E, 0x5E, 0x96, 0x72, 0x76, 0x7A, 0x72, 0x42,
    0x62, 0x72, 0x6A, 0x4E, 0x8A, 0x76, 0x5A, 0x72, 0x76, 0xAA, 0x8A, 0x96, 0x5E, 0x5E, 0x7A, 0x92,
    0x4E, 0x7E, 0x4E, 0x8E, 0x8A, 0x6A, 0x72, 0x9E, 0x76, 0x9E, 0x8E, 0x7A, 0x6A, 0x6A, 0x72, 0x6A,
    0x72, 0x7E, 0x86, 0x8A, 0x8A, 0x6E, 0x66, 0x82, 0x96, 0x76, 0xAE, 0xB6, 0x8E, 0x96, 0x9E, 0x7E,
    0x96, 0x6A, 0x8E, 0x6A, 0x6E, 0x9E, 0x6E, 0x8E, 0x86, 0x96, 0x92, 0x96, 0x8A, 0x8E, 0x6E, 0x7A,
    0x76, 0xA6, 0x6A, 0xBE, 0xB2, 0x9E, 0xBA, 0x9E, 0x96, 0x7E, 0x8E, 0x76, 0x7A, 0x66, 0x86, 0x82,
    0x96, 0x86, 0x8A, 0x9E, 0xAE, 0x7E, 0x82, 0x6A, 0x7E, 0x72, 0x8E, 0x86, 0x7E, 0x8E, 0x92, 0x7E,
    0x7A, 0x82, 0x72, 0x86, 0x6A, 0x72, 0x6E, 0x6E, 0x7E, 0x72, 0x72, 0x7E, 0x7E, 0x7E, 0x7A, 0x76,
    0x76, 0x62, 0x6E, 0x6E, 0x7E, 0x5A, 0x7E, 0x72, 0x6A, 0x6A, 0x66, 0x76, 0x72, 0x76, 0x72, 0x6E,
    0x6E, 0x76, 0x6A, 0x76, 0x76, 0x76, 0x76, 0x7A, 0x6E, 0x76, 0x6E, 0x76, 0x7A, 0x7A, 0x76, 0x76,
    0x72, 0x6E, 0x66, 0x6E, 0x76, 0x76, 0x7E, 0x72, 0x76, 0x76, 0x7A, 0x7A, 0x82, 0x82, 0x82, 0x7A,
    0x82, 0x7A, 0x7A, 0x6A, 0x7A, 0x7A, 0x7E, 0x7E, 0x7E, 0x86, 0x86, 0x82, 0x8A, 0x8E, 0x8A, 0x86,
    0x8E, 0x86, 0x86, 0x8E, 0x8E, 0x8A, 0x8E, 0x8E, 0x8E, 0x8E, 0x8A, 0x92, 0x8A, 0x86, 0x92, 0x8E,
    0x8A, 0x92, 0x8E, 0x92, 0x8E, 0x8A, 0x8A, 0x8E, 0x8E, 0x8E, 0x8E, 0x8A, 0x8E, 0x8A, 0x8E, 0x8A,
    0x92, 0x8A, 0x8E, 0x8E, 0x8A, 0x8A, 0x8A, 0x8A, 0x8A, 0x8E, 0x86, 0x8E, 0x8A, 0x8A, 0x86, 0x86,
    0x82, 0x86, 0x7E, 0x82, 0x82, 0x7E, 0x7E, 0x7E, 0x7E, 0x7E, 0x82, 0x82, 0x7E, 0x7E, 0x7A, 0x76,
    0x7A, 0x76, 0x76, 0x72, 0x76, 0x72, 0x6E, 0x72, 0x76, 0x6E, 0x72, 0x72, 0x7A, 0x72, 0x72, 0x76,
    0x6E, 0x72, 0x6E, 0x6E, 0x72, 0x6E, 0x6A, 0x6E, 0x72, 0x72, 0x72, 0x6E, 0x6E, 0x72, 0x6E, 0x72,
    0x72, 0x72, 0x72, 0x72, 0x72, 0x72, 0x76, 0x72, 0x76, 0x76, 0x72, 0x76, 0x76, 0x7A, 0x7A, 0x76,
    0x76, 0x7A, 0x76, 0x7A, 0x7E, 0x7A, 0x7A, 0x7E, 0x7E, 0x7A, 0x7E, 0x7E, 0x82, 0x82, 0x82, 0x82,
    0x82, 0x86, 0x86, 0x86, 0x86, 0x86, 0x86, 0x86, 0x86, 0x8A, 0x8A, 0x8A, 0x8A, 0x8E, 0x8A, 0x8E,
    0x8A, 0x8E, 0x8A, 0x8E, 0x8E, 0x8E, 0x8A, 0x8E, 0x8E, 0x8E, 0x8E, 0x8E, 0x8E, 0x8E, 0x8E, 0x8E,
    0x8E, 0x8E, 0x8E, 0x8E, 0x8A, 0x8A, 0x8A, 0x8A, 0x86, 0x8A, 0x86, 0x8A, 0x8A, 0x8A, 0x8A, 0x8A,
    0x8A, 0x8A, 0x86, 0x86, 0x8A, 0x8A, 0x86, 0x8A, 0x86, 0x86, 0x86, 0x82, 0x82, 0x82, 0x82, 0x7E,
    0x82, 0x7E, 0x7E, 0x7E, 0x7A, 0x7A, 0x76, 0x7A, 0x76, 0x76, 0x76, 0x76, 0x72, 0x72, 0x72, 0x76,
    0x72, 0x72, 0x72, 0x72, 0x72, 0x6E, 0x6E, 0x72, 0x72, 0x72, 0x72, 0x72, 0x6E, 0x6E, 0x72, 0x72,
    0x72, 0x72, 0x72, 0x72, 0x72, 0x72, 0x72, 0x72, 0x76, 0x76, 0x76, 0x76, 0x72, 0x72, 0x6E, 0x6A,
    0x6E, 0x6A, 0x72, 0x76, 0x7A, 0x86, 0x6E, 0x7E, 0x7A, 0x76, 0x76, 0x72, 0x66, 0x76, 0x72, 0x82,
    0x7E, 0x82, 0x86, 0x72, 0x8E, 0x7E, 0x82, 0x76, 0x86, 0x82, 0x92, 0x82, 0x8A, 0x96, 0x96, 0x8A,
    0x7E, 0x96, 0x86, 0x8A, 0x8E, 0x7E, 0x86, 0x82, 0x86, 0x8E, 0x86, 0x8A, 0x8A, 0x7E, 0x76, 0x86,
    0x82, 0x9E, 0x9E, 0xB6, 0x96, 0x82, 0xA6, 0xA6, 0x7A, 0x96, 0x96, 0x86, 0x92, 0x7E, 0x82, 0x8E,
    0x8A, 0x82, 0x86, 0x7A, 0x7A, 0x7E, 0x82, 0x86, 0x7A, 0x96, 0x8E, 0xB2, 0x96, 0xAA, 0x8A, 0x7E,
    0x8E, 0x9E, 0x7E, 0x92, 0x96, 0x86, 0x8E, 0x6E, 0x72, 0x5A, 0x32, 0x56, 0x8A, 0x66, 0xAE, 0xCA,
    0xC2, 0xB6, 0x6A, 0xB2, 0x5A, 0xE, 0x4E, 0x86, 0x6, 0x5A, 0xE, 0x6A, 0x22, 0x36, 0xBE, 0x46,
    0xFE, 0x32, 0xDE, 0xF6, 0x72, 0xA6, 0xC2, 0x96, 0xAE, 0xBE, 0x92, 0x8A, 0x4A, 0x42, 0x62, 0x3E,
    0x16, 0x2E, 0x96, 0x4A, 0x52, 0x8A, 0x7E, 0x6E, 0x5E, 0x6E, 0x36, 0x36, 0x8A, 0x7E, 0x3E, 0xBE,
    0x46, 0x56, 0x52, 0x7A, 0x8A, 0x56, 0xC2, 0x62, 0x9E, 0x8E, 0x92, 0xBE, 0xE2, 0x6A, 0xCA, 0xA6,
    0x96, 0x72, 0xAA, 0x96, 0x9E, 0x36, 0xE2, 0x1A, 0xCA, 0x26, 0xBE, 0x12, 0x9E, 0x6A, 0x72, 0x22,
    0x9E, 0x3A, 0x8A, 0x66, 0x7A, 0x76, 0x6E, 0x4A, 0x3E, 0x92, 0x6A, 0x9E, 0x6E, 0xAE, 0x7A, 0xDE,
    0x9E, 0xCA, 0x8A, 0xE2, 0x96, 0xD6, 0x9E, 0xB2, 0xA6, 0x9E, 0xA6, 0x4E, 0xBE, 0x3E, 0xC2, 0x4A,
    0x9E, 0x7A, 0x9E, 0x42, 0x92, 0xE, 0xCA, 0x6E, 0x56, 0x6E, 0x56, 0x4E, 0x7E, 0x52, 0x2A, 0x8E,
    0x72, 0x3A, 0xAE, 0x86, 0x7E, 0x96, 0x6E, 0x9E, 0xAE, 0x8E, 0x96, 0x96, 0xBA, 0x76, 0x82, 0xBA,
    0x8A, 0x8E, 0x7E, 0x82, 0x8A, 0x72, 0x66, 0x9E, 0x8A, 0x8E, 0x42, 0x96, 0x72, 0x96, 0x2A, 0x92,
    0x62, 0x4E, 0x92, 0x6E, 0x4A, 0x8A, 0x2A, 0xAA, 0x1E, 0x8A, 0x66, 0x32, 0xA6, 0x66, 0x46, 0xB2,
    0x3E, 0x9E, 0xAE, 0x92, 0xA6, 0x8E, 0x7E, 0x66, 0x96, 0x96, 0x7A, 0x8A, 0x86, 0x7E, 0xAA, 0x6E,
    0x7A, 0x6E, 0x76, 0x96, 0x72, 0x42, 0x62, 0x96, 0x56, 0xA6, 0x76, 0x72, 0x96, 0x42, 0x8E, 0x76,
    0x62, 0x72, 0x6E, 0x4A, 0xAE, 0x7E, 0xAA, 0x96, 0x5A, 0x6A, 0xB2, 0x96, 0xA6, 0x7E, 0xDE, 0x7E,
    0xA6, 0xB6, 0x96, 0x76, 0xAE, 0x82, 0x96, 0x62, 0x9E, 0x62, 0x66, 0xA6, 0x4A, 0x96, 0x6A, 0x7E,
    0x8A, 0x6A, 0x96, 0x8E, 0x7E, 0xA6, 0x7A, 0x52, 0xBE, 0x82, 0x8E, 0x8E, 0x4A, 0x7E, 0x8E, 0x72,
    0x6A, 0x4A, 0x92, 0x9E, 0x8A, 0x92, 0x6A, 0x96, 0x76, 0xBA, 0xAE, 0x56, 0xAE, 0x96, 0x92, 0x92,
    0x72, 0x6A, 0x86, 0x6E, 0x7A, 0x2E, 0x8A, 0x4A, 0x96, 0x3A, 0x9E, 0x32, 0x9E, 0x5A, 0x62, 0x96,
    0x66, 0xA6, 0x7A, 0x7A, 0x7E, 0x7E, 0x7E, 0x8E, 0x72, 0x6E, 0x8E, 0x7A, 0x56, 0x76, 0x4E, 0x8A,
    0x96, 0x5A, 0x92, 0x76, 0xAA, 0x9E, 0x7A, 0x96, 0x86, 0x66, 0x92, 0x8E, 0x5E, 0x62, 0x76, 0x4E,
    0x8A, 0x7E, 0x42, 0x52, 0x66, 0x3E, 0x8A, 0x3E, 0x6E, 0x66, 0x7A, 0x7E, 0x8E, 0x8E, 0x92, 0x86,
    0x92, 0x9E, 0xB2, 0x8E, 0xE6, 0x56, 0x9E, 0x72, 0x9E, 0x96, 0x9E, 0x4A, 0x86, 0x6E, 0x76, 0x7A,
    0x86, 0x7E, 0x8E, 0xC2, 0x62, 0x96, 0x9E, 0x72, 0x7A, 0x8E, 0x9E, 0x7E, 0x5A, 0x76, 0x86, 0x5E,
    0x72, 0x96, 0x5A, 0x92, 0x7A, 0x86, 0x96, 0x92, 0x96, 0x86, 0x8A, 0xB2, 0x96, 0x96, 0xBE, 0xAA,
    0xB2, 0x96, 0x92, 0x96, 0x86, 0x86, 0x7E, 0x52, 0x86, 0x4A, 0xB2, 0x6A, 0x62, 0x82, 0x8A, 0x7A,
    0x7E, 0x6E, 0x76, 0x9E, 0x56, 0x66, 0x9E, 0x62, 0x6E, 0x6A, 0x7A, 0x7A, 0x7A, 0x66, 0x6A, 0x4A,
    0x9E, 0x7E, 0x7A, 0x92, 0x86, 0x7A, 0x8E, 0x96, 0x7E, 0x76, 0x7A, 0x86, 0x7A, 0x8A, 0x72, 0x52,
    0x9E, 0x62, 0x92, 0x5E, 0x62, 0x7E, 0x6E, 0x4E, 0x72, 0x42, 0x62, 0x6A, 0x5E, 0x7E, 0x76, 0x6A,
    0x8E, 0x56, 0x86, 0x62, 0x7E, 0x8A, 0x92, 0x7A, 0x7E, 0x82, 0x9E, 0x76, 0x96, 0x7E, 0x9E, 0x72,
    0x8E, 0x7E, 0x92, 0x86, 0x7E, 0xA6, 0x92, 0x82, 0x7A, 0x8A, 0x72, 0x7E, 0x86, 0x82, 0x6A, 0x86,
    0x7E, 0x76, 0x7E, 0x8E, 0x6E, 0x8E, 0x72, 0x8A, 0x8E, 0x72, 0x96, 0x7A, 0x96, 0x8E, 0x7E, 0x8E,
    0x82, 0x92, 0x96, 0x86, 0x9E, 0x92, 0x96, 0x92, 0x92, 0x92, 0x8A, 0x92, 0x86, 0x8A, 0x7A, 0x82,
    0x7A, 0x8A, 0x7A, 0x76, 0x92, 0x72, 0x7E, 0x72, 0x7E, 0x6E, 0x82, 0x72, 0x6E, 0x8E, 0x72, 0x76,
    0x86, 0x8A, 0x72, 0x92, 0x72, 0x7E, 0x86, 0x7E, 0x7A, 0x96, 0x76, 0x86, 0x7E, 0x8E, 0x76, 0x86,
    0x7A, 0x96, 0x7A, 0x92, 0x72, 0x86, 0x6E, 0x86, 0x72, 0x6E, 0x76, 0x76, 0x72, 0x6A, 0x6E, 0x6E,
    0x6E, 0x72, 0x6E, 0x7E, 0x72, 0x72, 0x6A, 0x7E, 0x76, 0x7A, 0x6E, 0x7E, 0x7A, 0x86, 0x7E, 0x7E,
    0x7A, 0x8E, 0x7E, 0x82, 0x82, 0x7A, 0x7E, 0x8E, 0x82, 0x8A, 0x7E, 0x82, 0x86, 0x82, 0x6E, 0x7A,
    0x72, 0x7A, 0x82, 0x6E, 0x8A, 0x72, 0x6E, 0x86, 0x5E, 0x7E, 0x72, 0x7A, 0x72, 0x7E, 0x7A, 0x76,
    0x8A, 0x72, 0x7E, 0x86, 0x82, 0x7E, 0x82, 0x7A, 0x96, 0x8A, 0x86, 0x8E, 0x96, 0x7A, 0x96, 0x8A,
    0x86, 0x92, 0x7A, 0x82, 0x8A, 0x86, 0x76, 0x8A, 0x7E, 0x8A, 0x7E, 0x82, 0x8E, 0x82, 0x8E, 0x76,
    0x8A, 0x86, 0x96, 0x72, 0x96, 0x7E, 0x86, 0x86, 0x76, 0x86, 0x7E, 0x76, 0x8E, 0x7A, 0x96, 0x86,
    0x86, 0x86, 0x7E, 0x8A, 0x82, 0x7A, 0x86, 0x86, 0x92, 0x86, 0x8A, 0x72, 0x82, 0x76, 0x7A, 0x7A,
    0x7E, 0x7A, 0x82, 0x8A, 0x86, 0x8A, 0x82, 0x82, 0x96, 0x6A, 0x82, 0x7A, 0x66, 0x7E, 0x76, 0x72,
    0x7E, 0x6A, 0x86, 0x76, 0x76, 0x82, 0x6E, 0x76, 0x82, 0x76, 0x7E, 0x76, 0x72, 0x86, 0x86, 0x7E,
    0x7A, 0x6A, 0x86, 0x76, 0x7E, 0x72, 0x7A, 0x7E, 0x6A, 0x86, 0x7A, 0x66, 0x82, 0x72, 0x6A, 0x6E,
    0x86, 0x7A, 0x7A, 0x72, 0x82, 0x66, 0x82, 0x7E, 0x72, 0x7A, 0x7E, 0x7E, 0x76, 0x86, 0x82, 0x7E,
    0x82, 0x8E, 0x82, 0x86, 0x82, 0x86, 0x76, 0x86, 0x7E, 0x9E, 0x82, 0x8A, 0x86, 0x86, 0x76, 0x7A,
    0x72, 0x72, 0x72, 0x76, 0x92, 0x7A, 0x96, 0x8E, 0x86, 0x86, 0x7E, 0x8E, 0x7A, 0x82, 0x96, 0x8E,
    0x92, 0x92, 0x8E, 0x8E, 0x96, 0x7E, 0x86, 0x82, 0x76, 0x96, 0x6E, 0x86, 0x7A, 0x72, 0x82, 0x7E,
    0x86, 0x82, 0x6A, 0x82, 0x6E, 0xA6, 0x86, 0x92, 0x96, 0x7A, 0x72, 0x82, 0x7E, 0x5E, 0x8E, 0x8A,
    0x6A, 0x7E, 0x8E, 0x72, 0x8A, 0x92, 0x92, 0x86, 0x7A, 0x8A, 0x5A, 0x5A, 0x4E, 0x86, 0xAA, 0xC2,
    0xC2, 0xCA, 0xC2, 0xB6, 0xAE, 0x8A, 0x6E, 0x52, 0x5A, 0x3A, 0x2E, 0x12, 0x1E, 0xE, 0x26, 0x2E,
    0x3A, 0x46, 0x4E, 0x56, 0x66, 0x66, 0x72, 0x8A, 0x92, 0x8E, 0xA6, 0xB6, 0xDE, 0xC2, 0xCA, 0xDE,
    0xD6, 0xEE, 0xCA, 0xCA, 0xC2, 0xB6, 0xA6, 0x96, 0x9E, 0x7E, 0x8E, 0x82, 0x76, 0x5A, 0x5A, 0x4E,
    0x56, 0x52, 0x4A, 0x3E, 0x4A, 0x36, 0x26, 0x32, 0x36, 0x3E, 0x42, 0x46, 0x4A, 0x56, 0x5E, 0x5E,
    0x66, 0x82, 0x6A, 0x7E, 0x72, 0x72, 0x72, 0x82, 0x8E, 0x96, 0x82, 0x9E, 0x8E, 0x96, 0x96, 0x9E,
    0x9E, 0x8E, 0x9E, 0x9E, 0xAA, 0xAA, 0xB6, 0xBA, 0xBE, 0xBA, 0xBA, 0xAA, 0x96, 0xB2, 0xAE, 0xA6,
    0x9E, 0xAE, 0x9E, 0x96, 0xA6, 0x96, 0x82, 0xAA, 0x96, 0x96, 0x96, 0x82, 0x96, 0x92, 0x8A, 0x8E,
    0x8E, 0x7E, 0x7E, 0x7E, 0x66, 0x7A, 0x66, 0x66, 0x66, 0x5E, 0x5A, 0x4E, 0x5E, 0x52, 0x4E, 0x62,
    0x56, 0x46, 0x5E, 0x56, 0x4E, 0x6A, 0x3E, 0x52, 0x36, 0x72, 0x4A, 0x62, 0x52, 0x4E, 0x4E, 0x52,
    0x5A, 0x62, 0x66, 0x6A, 0x6E, 0x6E, 0x76, 0x76, 0x7A, 0x7E, 0x96, 0x7E, 0x82, 0x7A, 0x76, 0x82,
    0x8A, 0x96, 0x86, 0x92, 0x9E, 0x92, 0xAA, 0x92, 0x96, 0x9E, 0x92, 0x96, 0xA6, 0x9E, 0x96, 0xA6,
    0xB6, 0xA6, 0x96, 0x9E, 0x9E, 0xA6, 0xA6, 0xB2, 0xA6, 0x96, 0xAA, 0x9E, 0x96, 0xAE, 0x96, 0x86,
    0xB6, 0x96, 0x96, 0xA6, 0x92, 0x9E, 0x96, 0x8E, 0x92, 0x7E, 0x82, 0x7A, 0x8A, 0x72, 0x86, 0x8A,
    0x62, 0x76, 0x72, 0x5A, 0x62, 0x6A, 0x76, 0x6A, 0x72, 0x62, 0x62, 0x6A, 0x66, 0x76, 0x62, 0x52,
    0x76, 0x46, 0x66, 0x72, 0x5E, 0x62, 0x72, 0x5A, 0x76, 0x72, 0x66, 0x72, 0x56, 0x62, 0x66, 0x6A,
    0x6E, 0x7E, 0x8A, 0x66, 0x5E, 0x72, 0x62, 0x5E, 0x46, 0x5A, 0x6A, 0x56, 0x6E, 0x62, 0x66, 0x6E,
    0x7E, 0x76, 0x72, 0x72, 0x7E, 0x7E, 0x82, 0x8E, 0x82, 0x92, 0x86, 0x7A, 0x8A, 0x82, 0x8E, 0x96,
    0x82, 0x8E, 0x8A, 0x8E, 0x96, 0x96, 0x96, 0x9E, 0xAE, 0x96, 0x9E, 0xAA, 0x96, 0xB2, 0xAA, 0x96,
    0xB2, 0x8A, 0x96, 0xA6, 0x86, 0x86, 0x96, 0x8E, 0x96, 0x7E, 0x8E, 0x96, 0xAA, 0x9E, 0x9E, 0xA6,
    0x96, 0xB2, 0x96, 0x9E, 0x9E, 0xA6, 0x9E, 0x86, 0x9E, 0x92, 0x7E, 0x92, 0x92, 0x86, 0x8E, 0x6E,
    0x86, 0x8A, 0x6A, 0x8A, 0x76, 0x72, 0x76, 0x5E, 0x6A, 0x72, 0x76, 0x56, 0x6A, 0x6A, 0x56, 0x72,
    0x6A, 0x52, 0x4E, 0x6E, 0x56, 0x62, 0x56, 0x66, 0x5E, 0x6E, 0x6A, 0x5A, 0x5A, 0x66, 0x76, 0x72,
    0x6A, 0x76, 0x76, 0x76, 0x6E, 0x72, 0x7E, 0x7E, 0x76, 0x76, 0x6A, 0x5A, 0x6E, 0x66, 0x6E, 0x56,
    0x52, 0x62, 0x66, 0x62, 0x56, 0x5E, 0x6E, 0x86, 0x76, 0x7E, 0x6E, 0x86, 0x6A, 0x76, 0x7A, 0x82,
    0x7E, 0x6A, 0x72, 0x8E, 0x7E, 0x96, 0x92, 0x8A, 0x96, 0x92, 0x9E, 0x96, 0x9E, 0x9E, 0x9E, 0xA6,
    0x92, 0xAA, 0x96, 0x96, 0xA6, 0x96, 0x96, 0x8E, 0x96, 0x8E, 0x9E, 0x76, 0x9E, 0x8E, 0x86, 0x8A,
    0x8E, 0x96, 0x9E, 0x96, 0x92, 0x92, 0xA6, 0x82, 0x9E, 0x9E, 0x86, 0xA6, 0x96, 0x96, 0x96, 0x96,
    0x92, 0xAA, 0x9E, 0x7E, 0x92, 0x86, 0x96, 0x7E, 0x86, 0x8E, 0x92, 0x6E, 0x96, 0x8A, 0x62, 0x7E,
    0x7A, 0x86, 0x7A, 0x5E, 0x6A, 0x66, 0x76, 0x66, 0x42, 0x7A, 0x4E, 0x52, 0x52, 0x5A, 0x66, 0x76,
    0x6A, 0x7E, 0x6A, 0x66, 0x62, 0x6E, 0x7E, 0x6A, 0x72, 0x6E, 0x72, 0x6A, 0x6A, 0x66, 0x6E, 0x82,
    0x6A, 0x66, 0x62, 0x7A, 0x76, 0x6E, 0x76, 0x76, 0x7A, 0x7E, 0x66, 0x6E, 0x72, 0x66, 0x7E, 0x72,
    0x6E, 0x66, 0x6A, 0x72, 0x72, 0x6A, 0x6A, 0x62, 0x6E, 0x7A, 0x76, 0x96, 0x9E, 0x86, 0x7A, 0x96,
    0x86, 0x8E, 0x76, 0x7E, 0x8E, 0x7A, 0x8E, 0x92, 0x8E, 0x92, 0x96, 0x96, 0x9E, 0x86, 0x9E, 0x92,
    0x9E, 0x9E, 0x96, 0x96, 0x9E, 0x8E, 0x92, 0x7A, 0x96, 0x9E, 0x96, 0x82, 0x82, 0x96, 0x8E, 0x9E,
    0x82, 0x7A, 0x92, 0x8E, 0x96, 0xAA, 0xAA, 0xB2, 0xB6, 0xA6, 0xA6, 0x8E, 0x86, 0x8E, 0x7A, 0x7E,
    0x96, 0x6A, 0x76, 0x92, 0x92, 0x76, 0x96, 0x7E, 0x8A, 0x7E, 0x7E, 0x96, 0x72, 0x86, 0x7A, 0x82,
    0x8A, 0x7E, 0x6A, 0x66, 0x66, 0x76, 0x5E, 0x62, 0x6A, 0x5E, 0x72, 0x62, 0x6A, 0x6A, 0x76, 0x5E,
    0x5E, 0x6E, 0x5E, 0x6E, 0x76, 0x62, 0x6A, 0x7A, 0x6A, 0x6E, 0x72, 0x6E, 0x66, 0x66, 0x72, 0x6E,
    0x76, 0x72, 0x7A, 0x76, 0x76, 0x7E, 0x6A, 0x72, 0x7E, 0x6A, 0x6E, 0x6E, 0x6E, 0x6E, 0x72, 0x82,
    0x4A, 0x7A, 0x7E, 0x72, 0x76, 0x66, 0x76, 0x7A, 0x7E, 0x6A, 0x8A, 0x6E, 0x7E, 0x86, 0x76, 0x82,
    0x96, 0x8A, 0x86, 0x8A, 0x8A, 0x8A, 0x92, 0x86, 0x9E, 0x8E, 0x92, 0x86, 0x96, 0x9E, 0x82, 0x96,
    0x92, 0x92, 0x86, 0x92, 0x9E, 0x86, 0x9E, 0x92, 0x96, 0x96, 0x9E, 0x8A, 0x8A, 0x96, 0x9E, 0x8A,
    0x8E, 0x96, 0x86, 0x96, 0x8A, 0x86, 0x96, 0x8E, 0x82, 0x8A, 0x9E, 0x86, 0x9E, 0x8E, 0x96, 0xA6,
    0x8A, 0x96, 0x8E, 0x92, 0x76, 0x8E, 0x86, 0x8A, 0x76, 0x7A, 0x7A, 0x7E, 0x76, 0x72, 0x86, 0x6E,
    0x7A, 0x72, 0x76, 0x72, 0x6E, 0x72, 0x76, 0x66, 0x6E, 0x62, 0x6E, 0x66, 0x5A, 0x52, 0x6E, 0x62,
    0x6E, 0x72, 0x6A, 0x82, 0x76, 0x5E, 0x7A, 0x72, 0x66, 0x6A, 0x6E, 0x6E, 0x72, 0x66, 0x7E, 0x6A,
    0x72, 0x66, 0x76, 0x6E, 0x66, 0x5E, 0x8A, 0x72, 0x76, 0x86, 0x82, 0x8A, 0x7A, 0x7A, 0x6A, 0x7A,
    0x66, 0x62, 0x66, 0x6A, 0x6A, 0x7A, 0x76, 0x7E, 0x7E, 0x6A, 0x7E, 0x7E, 0x7A, 0x96, 0x8E, 0x9E,
    0xB6, 0x7E, 0x8A, 0x8A, 0x7E, 0x82, 0x7A, 0x86, 0x7E, 0x7E, 0x92, 0x7E, 0x7E, 0x86, 0x82, 0x7A,
    0x9E, 0x8A, 0x8E, 0x7E, 0x8E, 0x9E, 0x9E, 0x96, 0x82, 0xAA, 0xA6, 0x8A, 0x96, 0x96, 0x86, 0xB2,
    0x96, 0xAA, 0x7A, 0x96, 0x7E, 0x76, 0x9E, 0x6E, 0x72, 0x92, 0x8E, 0x96, 0x82, 0x92, 0x96, 0x9E,
    0x8E, 0x96, 0x72, 0x8A, 0x9E, 0x62, 0x8E, 0x96, 0x6E, 0x96, 0x82, 0x8A, 0x6A, 0x76, 0x76, 0x5E,
    0x7E, 0x66, 0x7E, 0x86, 0x86, 0x82, 0x62, 0x86, 0x6E, 0x82, 0x66, 0x7A, 0x66, 0x5A, 0x66, 0x66,
    0x66, 0x6E, 0x66, 0x7E, 0x5A, 0x72, 0x86, 0x62, 0x7A, 0x8A, 0x76, 0x86, 0x6A, 0x76, 0x66, 0x72,
    0x76, 0x82, 0x5E, 0x82, 0x6A, 0x66, 0x7E, 0x52, 0x5E, 0x56, 0x4E, 0x5E, 0x72, 0x6A, 0x7A, 0x7E,
    0x9E, 0x7E, 0x96, 0x86, 0x76, 0x7E, 0x82, 0x66, 0x6E, 0x66, 0x7E, 0x7E, 0x72, 0x86, 0x6A, 0x7E,
    0x82, 0x72, 0x92, 0x62, 0x7A, 0x8E, 0x8E, 0x8E, 0x9E, 0x8E, 0x8A, 0x86, 0x7A, 0x9E, 0x72, 0x82,
    0x9E, 0x6E, 0x82, 0x82, 0x76, 0x96, 0x76, 0x8E, 0x96, 0x96, 0x86, 0x92, 0x96, 0x9E, 0x82, 0x92,
    0x86, 0x96, 0x8E, 0x9E, 0x96, 0x7E, 0x7E, 0xC2, 0x76, 0x96, 0xAA, 0x7A, 0x9E, 0x82, 0xA6, 0x9E,
    0x92, 0xA6, 0x96, 0x9E, 0xB2, 0x92, 0x8E, 0x7A, 0x62, 0x9E, 0x8A, 0x62, 0x8E, 0x82, 0x66, 0x86,
    0x62, 0x5E, 0x76, 0x62, 0x92, 0x8A, 0x7A, 0x8A, 0x82, 0x8A, 0x76, 0x7E, 0x7A, 0x6E, 0x7A, 0x8E,
    0x66, 0x7E, 0x6E, 0x7A, 0x56, 0x5A, 0x6E, 0x6E, 0x66, 0x4A, 0x66, 0x5A, 0x6E, 0x4E, 0x8A, 0x86,
    0x76, 0x7A, 0x62, 0x66, 0x6A, 0x5A, 0x72, 0x66, 0x6A, 0x7A, 0x5E, 0x76, 0x6E, 0x6E, 0x5A, 0x76,
    0x62, 0x6E, 0x6E, 0x86, 0x6A, 0x72, 0x76, 0x7A, 0x8E, 0x82, 0x76, 0x82, 0x6A, 0x5E, 0x72, 0x56,
    0x8E, 0x7E, 0x66, 0x96, 0x6A, 0x6A, 0x76, 0x82, 0x8E, 0xA6, 0x9E, 0x96, 0x9E, 0x96, 0x9E, 0x7E,
    0x66, 0x92, 0x82, 0x6E, 0x86, 0x8A, 0x72, 0x7A, 0x9E, 0x8A, 0xA6, 0x76, 0x96, 0x9E, 0x86, 0xA6,
    0x96, 0xB6, 0x96, 0x9E, 0x86, 0xB2, 0x92, 0xAE, 0x8E, 0x7E, 0x6E, 0x86, 0x86, 0x5E, 0x82, 0x86,
    0x96, 0x6A, 0x96, 0x8A, 0x6A, 0xA6, 0x9E, 0x96, 0x7E, 0x86, 0x9E, 0xAE, 0x86, 0x7E, 0x7E, 0x86,
    0x8A, 0x82, 0x56, 0x96, 0x7A, 0x9E, 0x7A, 0x96, 0x56, 0x96, 0x62, 0x82, 0x96, 0x82, 0x8E, 0x8A,
    0x72, 0x7E, 0x86, 0x5A, 0x7E, 0x6E, 0x62, 0x5A, 0x62, 0x62, 0x56, 0x4E, 0x52, 0x7E, 0x52, 0x72,
    0x6E, 0x7E, 0x8E, 0x86, 0x6E, 0x8A, 0x7A, 0x82, 0x8E, 0x7A, 0x62, 0x66, 0x7E, 0x56, 0x6E, 0x5A,
    0x4E, 0x72, 0x6E, 0x5E, 0x62, 0x62, 0x5E, 0x96, 0x72, 0x72, 0x82, 0x76, 0x8A, 0x6E, 0x76, 0x96,
    0x82, 0x9E, 0x96, 0x62, 0x5E, 0x6A, 0x7E, 0x6A, 0x72, 0x5E, 0x5A, 0x7A, 0x7E, 0x72, 0x56, 0x82,
    0x8E, 0xB2, 0x7E, 0x96, 0x9E, 0x76, 0x82, 0x8E, 0x96, 0xAA, 0x76, 0x7E, 0x7E, 0x7A, 0x96, 0x82,
    0x76, 0x92, 0x82, 0x7E, 0x8A, 0x96, 0x92, 0x9E, 0x72, 0x9E, 0x96, 0x86, 0x9E, 0x9E, 0xAE, 0x8E,
    0x92, 0x9E, 0x8E, 0x9E, 0x7A, 0x7A, 0x7E, 0x6A, 0xBA, 0x6E, 0x6E, 0xAA, 0x8A, 0x82, 0x8E, 0x96,
    0x9E, 0xAE, 0x76, 0x7E, 0xAE, 0x6A, 0x8A, 0x82, 0x8A, 0x7E, 0x76, 0x7E, 0x4E, 0x86, 0x6E, 0x72,
    0x72, 0x6A, 0x8A, 0x76, 0x6A, 0x96, 0x7E, 0x76, 0x7E, 0x76, 0x7A, 0x82, 0x6E, 0x62, 0x96, 0x6A,
    0x76, 0x66, 0x76, 0x6A, 0x6E, 0x6E, 0x52, 0x6A, 0x6E, 0x66, 0x6E, 0x6E, 0x72, 0x76, 0x72, 0x7E,
    0x76, 0x6A, 0x76, 0x6E, 0x7A, 0x72, 0x76, 0x5E, 0x7E, 0x6A, 0x82, 0x62, 0x72, 0x72, 0x76, 0x6E,
    0x76, 0x6A, 0x7E, 0x7E, 0x82, 0x7E, 0x7A, 0x7E, 0x7A, 0x7E, 0x82, 0x7A, 0x86, 0x76, 0x82, 0x7A,
    0x7E, 0x7E, 0x82, 0x7A, 0x8E, 0x82, 0x8A, 0x86, 0x8A, 0x86, 0x8A, 0x8A, 0x92, 0x8A, 0x8E, 0x8E,
    0x8E, 0x92, 0x8A, 0x8E, 0x8E, 0x8A, 0x92, 0x8A, 0x8A, 0x8A, 0x8A, 0x8E, 0x86, 0x8A, 0x92, 0x8E,
    0x92, 0x8A, 0x8E, 0x8E, 0x8E, 0x8A, 0x92, 0x92, 0x86, 0x8E, 0x92, 0x8A, 0x8E, 0x8E, 0x8A, 0x86,
    0x8A, 0x8A, 0x8E, 0x82, 0x8A, 0x8A, 0x86, 0x86, 0x8A, 0x86, 0x86, 0x7E, 0x86, 0x82, 0x82, 0x86,
    0x7E, 0x86, 0x82, 0x7E, 0x7E, 0x82, 0x7E, 0x7A, 0x7A, 0x7A, 0x7E, 0x7A, 0x76, 0x72, 0x76, 0x76,
    0x76, 0x7A, 0x76, 0x76, 0x76, 0x72, 0x76, 0x72, 0x72, 0x76, 0x72, 0x76, 0x76, 0x6E, 0x6E, 0x6E,
    0x72, 0x6E, 0x6E, 0x6E, 0x6E, 0x72, 0x6A, 0x72, 0x72, 0x72, 0x72, 0x72, 0x72, 0x72, 0x72, 0x76,
    0x72, 0x76, 0x76, 0x76, 0x76, 0x72, 0x76, 0x72, 0x72, 0x76, 0x76, 0x72, 0x76, 0x76, 0x76, 0x7A,
    0x76, 0x7A, 0x72, 0x82, 0x76, 0x7E, 0x7E, 0x7E, 0x7E, 0x82, 0x7E, 0x82, 0x82, 0x82, 0x82, 0x82,
    0x82, 0x82, 0x82, 0x86, 0x8A, 0x8A, 0x8A, 0x8A, 0x8A, 0x8E, 0x8E, 0x8E, 0x8E, 0x8E, 0x8A, 0x8E,
    0x92, 0x8E, 0x8E, 0x8E, 0x92, 0x92, 0x8E, 0x8E, 0x8E, 0x8E, 0x8E, 0x8E, 0x8E, 0x8E, 0x8A, 0x8E,
    0x8E, 0x8E, 0x8E, 0x8E, 0x8A, 0x8E, 0x8A, 0x8E, 0x8A, 0x8A, 0x8A, 0x8A, 0x8A, 0x8A, 0x86, 0x8A,
    0x8A, 0x86, 0x8A, 0x86, 0x86, 0x86, 0x86, 0x82, 0x82, 0x82, 0x7E, 0x7E, 0x7E, 0x7A, 0x7E, 0x7E,
    0x7A, 0x7A, 0x76, 0x7A, 0x76, 0x76, 0x72, 0x76, 0x76, 0x72, 0x76, 0x6E, 0x76, 0x72, 0x72, 0x72,
    0x72, 0x6E, 0x72, 0x72, 0x72, 0x6E, 0x72, 0x72, 0x72, 0x72, 0x72, 0x72, 0x6E, 0x6E, 0x72, 0x6E,
    0x72, 0x72, 0x72, 0x76, 0x76, 0x76, 0x76, 0x72, 0x72, 0x6E, 0x72, 0x76, 0x76, 0x72, 0x76, 0x72,
    0x7E, 0x7A, 0x76, 0x72, 0x7A, 0x7A, 0x76, 0x7A, 0x82, 0x86, 0x7A, 0x82, 0x7E, 0x7E, 0x7E, 0x76,
    0x7A, 0x82, 0x7E, 0x8A, 0x7A, 0x8A, 0x82, 0x82, 0x86, 0x7E, 0x86, 0x82, 0x82, 0x96, 0x92, 0x8A,
    0x96, 0x92, 0x8E, 0x8A, 0x8A, 0x92, 0x86, 0x8E, 0x8A, 0x86, 0x86, 0x82, 0x8A, 0x86, 0x8A, 0x8A,
    0x8A, 0x82, 0x82, 0x8A, 0x92, 0xA6, 0x9E, 0x9E, 0x86, 0x86, 0x8A, 0x9E, 0x76, 0x8E, 0x86, 0x82,
    0x82, 0x8A, 0x76, 0x7E, 0x82, 0x86, 0x7A, 0x7E, 0x86, 0x86, 0x86, 0x8E, 0x9E, 0x8E, 0x8E, 0x7E,
    0x7E, 0x8A, 0x72, 0x86, 0x7E, 0x76, 0x86, 0x7E, 0x82, 0x6A, 0x7A, 0x6A, 0x66, 0x7A, 0x5E, 0x6A,
    0x76, 0x7E, 0x7E, 0x72, 0x82, 0x7E, 0x7A, 0x76, 0x62, 0x66, 0x6E, 0x72, 0x66, 0x6A, 0x76, 0x6A,
    0x6E, 0x66, 0x6E, 0x5E, 0x6E, 0x6E, 0x6A, 0x7E, 0x72, 0x86, 0x76, 0x82, 0x72, 0x6E, 0x7A, 0x72,
    0x7E, 0x72, 0x7E, 0x62, 0x6E, 0x6E, 0x7A, 0x76, 0x76, 0x72, 0x7A, 0x6A, 0x7A, 0x8A, 0x82, 0x8E,
    0x96, 0x76, 0x8E, 0x6E, 0x7A, 0x6A, 0x7A, 0x8E, 0x92, 0x7E, 0x8A, 0x76, 0x82, 0x86, 0x7A, 0x7A,
    0x7E, 0x76, 0x7E, 0x8E, 0x8A, 0x86, 0x96, 0x96, 0x92, 0x92, 0x7E, 0x8A, 0x86, 0x7E, 0x8A, 0x82,
    0x8A, 0x92, 0x82, 0x8A, 0x86, 0x72, 0x8E, 0x82, 0x7E, 0x92, 0x7E, 0x82, 0x96, 0x9E, 0x96, 0x9E,
    0x86, 0x92, 0x82, 0x96, 0x96, 0x8E, 0x86, 0x96, 0x8A, 0x86, 0x76, 0x72, 0x8A, 0x76, 0x8E, 0x92,
    0x8A, 0x7A, 0x8E, 0x96, 0x86, 0x86, 0x6E, 0x7A, 0x82, 0x86, 0x8E, 0x82, 0x6A, 0x72, 0x8A, 0x66,
    0x7A, 0x72, 0x6A, 0x7A, 0x6E, 0x82, 0x86, 0x7E, 0x8A, 0x86, 0x82, 0x8E, 0x6A, 0x76, 0x56, 0x62,
    0x8E, 0x7A, 0x62, 0x76, 0x76, 0x6E, 0x76, 0x6A, 0x72, 0x6E, 0x62, 0x76, 0x82, 0x76, 0x7A, 0x7E,
    0x82, 0x7E, 0x6E, 0x66, 0x7A, 0x7E, 0x7E, 0x82, 0x7A, 0x66, 0x72, 0x72, 0x66, 0x86, 0x6A, 0x62,
    0x82, 0x6E, 0x76, 0x82, 0x6A, 0x92, 0x8A, 0x82, 0x82, 0x6A, 0x72, 0x76, 0x76, 0x86, 0x7E, 0x86,
    0x7A, 0x7E, 0x8E, 0x76, 0x7E, 0x82, 0x8A, 0x9E, 0x96, 0x8A, 0x96, 0x7A, 0x86, 0x86, 0x8A, 0x7E,
    0x82, 0x82, 0x7E, 0x96, 0x7E, 0x86, 0x7E, 0x96, 0x8E, 0x8E, 0x9E, 0x82, 0x7A, 0x82, 0x8A, 0x96,
    0xAA, 0xA6, 0x8E, 0x9E, 0x86, 0x86, 0x92, 0x72, 0x72, 0x76, 0x86, 0x6A, 0x8A, 0x6A, 0x86, 0x8E,
    0x92, 0x92, 0x82, 0x7E, 0x8E, 0x92, 0x7E, 0x96, 0x8E, 0x96, 0x8A, 0x6E, 0x8A, 0x8A, 0x8A, 0x86,
    0x76, 0x82, 0x76, 0x72, 0x72, 0x76, 0x7A, 0x96, 0x7A, 0x66, 0x82, 0x6E, 0x7E, 0x8E, 0x8E, 0x7E,
    0x82, 0x72, 0x8A, 0x7A, 0x66, 0x5E, 0x76, 0x76, 0x66, 0x72, 0x5E, 0x72, 0x82, 0x7A, 0x76, 0x82,
    0x6E, 0x76, 0x7A, 0x8A, 0x7E, 0x82, 0x86, 0x66, 0x6E, 0x72, 0x66, 0x8A, 0x7E, 0x66, 0x7A, 0x66,
    0x6E, 0x7E, 0x66, 0x76, 0x7A, 0x7E, 0x72, 0x76, 0x76, 0x8A, 0x9E, 0x72, 0x82, 0x92, 0x6E, 0x82,
    0x7E, 0x5A, 0x66, 0x8A, 0x82, 0x86, 0x7E, 0x66, 0x76, 0x82, 0x7E, 0x76, 0x6E, 0x8A, 0x7A, 0x82,
    0x8E, 0x92, 0x92, 0x8A, 0x82, 0x7E, 0x8E, 0x96, 0x9E, 0x8A, 0x72, 0x76, 0x8E, 0x92, 0x8A, 0x96,
    0x7A, 0x7A, 0x86, 0x96, 0x72, 0x86, 0x8E, 0x96, 0xAA, 0x92, 0x8A, 0x8A, 0x92, 0x86, 0x96, 0x8A,
    0x8A, 0x7E, 0x86, 0x8A, 0x76, 0x86, 0x96, 0x86, 0x72, 0x8A, 0x8A, 0x7E, 0x86, 0x86, 0x86, 0x96,
    0x72, 0x8E, 0x8A, 0x72, 0x92, 0x8A, 0x86, 0x7A, 0x76, 0x8A, 0x7E, 0x72, 0x7E, 0x72, 0x7E, 0x76,
    0x86, 0x7E, 0x72, 0x9E, 0x82, 0x76, 0x7A, 0x72, 0x6E, 0x86, 0x7E, 0x66, 0x9E, 0x6E, 0x82, 0x66,
    0x76, 0x72, 0x7A, 0x76, 0x56, 0x6E, 0x76, 0x66, 0x6A, 0x82, 0x76, 0x76, 0x86, 0x86, 0x7A, 0x62,
    0x8A, 0x82, 0x96, 0x8A, 0x62, 0x62, 0x76, 0x82, 0x72, 0x5A, 0x76, 0x6A, 0x62, 0x66, 0x7A, 0x72,
    0x96, 0x8E, 0x9E, 0x82, 0x6E, 0x7E, 0x76, 0x82, 0x76, 0x7E, 0x7A, 0x82, 0x76, 0x6A, 0x86, 0x7A,
    0x8E, 0x6E, 0x7E, 0x8E, 0x7A, 0x7E, 0x7E, 0xAA, 0x96, 0x8E, 0x96, 0x6A, 0x7E, 0x7E, 0x86, 0x82,
    0x8A, 0x82, 0x8A, 0x86, 0x92, 0x96, 0x82, 0x7A, 0x6A, 0x92, 0x86, 0x8A, 0xA6, 0xAE, 0x8A, 0x86,
    0x96, 0x8E, 0x8A, 0x7A, 0x66, 0x96, 0x72, 0x76, 0x92, 0x6E, 0x8E, 0x8E, 0x86, 0x8A, 0x86, 0x82,
    0x8A, 0x8E, 0x7E, 0x8E, 0x86, 0x86, 0x7A, 0x86, 0x72, 0x7A, 0x82, 0x8A, 0x86, 0x6E, 0x8A, 0x7E,
    0x8A, 0x86, 0x5E, 0x82, 0x7E, 0x62, 0x96, 0x96, 0x86, 0x9E, 0x96, 0x7E, 0x76, 0x72, 0x66, 0x82,
    0x72, 0x76, 0x7E, 0x66, 0x8A, 0x7A, 0x76, 0x7E, 0x6E, 0x7A, 0x6E, 0x6E, 0x7E, 0x76, 0x86, 0x76,
    0x7E, 0x76, 0x8A, 0x66, 0x62, 0x7A, 0x6E, 0x6A, 0x7E, 0x76, 0x6E, 0x72, 0x6E, 0x72, 0x7E, 0x76,
    0x66, 0x76, 0x72, 0x7A,
};

static const uint32_t audio_sample_count = (uint32_t)(sizeof(audio_sample_data) / sizeof(audio_sample_data[0]));

#endif  /* AUDIO_SAMPLE_H_ */
